strategy,trial,accuracy,hidden_channels,hidden_layers,learning_rate,dropout,weight_decay,warmup_epochs,down_sample,qb_link
CLOSEST-,0,,128,1,0.005748323382678244,0.20593785213916738,0.0001976391408735079,20,False,True
CLOSEST-,1,,128,3,0.0016516092061633289,0.33822877095946524,5.984535869223117e-06,10,False,False
CLOSEST-,2,,256,2,0.0070247408552176985,0.41739426982929206,0.00011985112189397986,10,False,False
CLOSEST-,3,0.7312013828867762,256,3,0.003050564151183036,0.39857936317409604,2.907374347235593e-05,30,False,True
CLOSEST-,4,0.7251512532411409,128,3,0.00595436424945851,0.29572911374663724,2.0006569345898333e-05,10,False,False
CLOSEST-,5,0.6692139737991266,128,1,0.013631916894621853,0.4037858496124883,0.0005970433637401485,30,True,False
CLOSEST-,6,0.5,256,3,0.010754268944344416,0.12125768424523904,0.000316962411453974,10,True,True
CLOSEST-,7,0.5,128,3,0.06419194677670166,0.1885689825036049,0.0007421764341561838,10,True,False
CLOSEST-,8,0.7649092480553155,256,1,0.002157592656826466,0.4880394056783133,8.120132434500275e-06,30,False,True
CLOSEST-,9,0.7355229040622299,128,1,0.00938112615161825,0.2952507111556597,1.0831582458117006e-06,30,False,False
CLOSEST-,10,0.6041486603284356,128,2,0.06159881867637909,0.3662930721313482,3.5263803146041443e-06,30,False,True
CLOSEST-,11,0.7849344978165939,128,1,0.0036113890058613067,0.2417470457717514,4.989978578944428e-05,30,True,False
CLOSEST-,12,0.7903930131004366,128,2,0.006881113533680944,0.16063244198540969,0.00040300838199366413,30,True,True
CLOSEST-,13,0.7601555747623163,128,2,0.005042389027898137,0.3252007355069949,5.5569985425052e-06,10,False,True
CLOSEST-,14,0.7669213973799127,256,2,0.0074729933300721535,0.3000856753194914,0.0007293165395544555,20,True,False
CLOSEST-,15,0.763646288209607,256,2,0.0011846017440343898,0.10827309529425638,0.0001460470120163415,20,True,True
CLOSEST-,16,0.773471615720524,128,2,0.0014519245877688057,0.20233268954131137,0.00011983362701334735,20,True,False
CLOSEST-,17,0.6839519650655022,128,2,0.019645886182125642,0.20269899543606373,0.00011004911552244976,20,True,False
CLOSEST-,18,0.5818777292576419,128,1,0.02271745419884979,0.21858900072914125,8.438868569537081e-05,30,True,False
CLOSEST-,19,0.6724890829694323,128,1,0.03135587602494925,0.24781677284454975,5.935305203472777e-05,30,True,True
CLOSEST-,20,0.6915938864628821,128,1,0.02782540393190214,0.25089536870336204,6.280807791352712e-05,30,True,True
CLOSEST-,21,0.7947598253275109,128,1,0.0030945476829336285,0.15671693267140518,0.0002822843595372664,30,True,True
CLOSEST-,22,0.8144104803493449,128,1,0.002840856890339737,0.14310177492810552,0.00028466007440356773,30,True,True
CLOSEST-,23,0.790938864628821,128,1,0.0037851443250190974,0.15880495001585776,0.00029015212384640927,30,True,True
CLOSEST-,24,0.7669213973799127,128,2,0.0022309014347305623,0.149442014602354,0.00033512965570053123,30,True,True
CLOSEST-,25,0.787117903930131,128,1,0.002134935082026052,0.16675547890212722,0.00023486073317352063,30,True,True
CLOSEST-,26,0.7822052401746725,128,1,0.0019488781930581702,0.15079675658472524,0.0002751345051135511,30,True,True
CLOSEST-,27,0.7860262008733624,128,1,0.0038917030746560373,0.14550943398042593,0.00014628656146185309,30,True,True
CLOSEST-,28,0.7893013100436681,128,1,0.003458711340091391,0.13066421276883772,0.0001982744682053393,30,True,True
CLOSEST-,29,0.787117903930131,128,1,0.0038790300007736284,0.12109637732744814,0.0009286326407060098,30,True,True
CLOSEST-,30,0.7898471615720524,128,1,0.003137239149858042,0.10669563825064532,0.00019055576099111062,30,True,True
CLOSEST-,31,0.7953056768558951,256,1,0.0013958332956285477,0.10781809856251276,0.00019515454453495235,30,True,True
CLOSEST-,32,0.7969432314410481,256,1,0.0012711876407752864,0.10251262397278553,0.000458498608111084,30,True,True
CLOSEST-,33,0.7985807860262009,256,1,0.0011525215312592854,0.10610989533538154,0.000514400893380938,10,True,True
CLOSEST-,34,0.8003457216940363,256,1,0.0012361792633449316,0.10857419134332319,2.7158144256558094e-05,20,False,True
CLOSEST-,35,0.7925669835782195,256,1,0.0010934102977767227,0.1768485684585697,2.4381494750884832e-05,10,False,True
CLOSEST-,36,0.8013100436681223,256,1,0.0011627601923531925,0.10690913302261507,0.000497971240462862,10,True,True
CLOSEST-,37,0.7886776145203112,256,1,0.0010086995589570988,0.10202146801996839,1.8957544472930546e-05,10,False,True
CLOSEST-,38,0.7960242005185826,256,1,0.0010443243853073473,0.102149315297586,1.6616146234983142e-05,20,False,True
CLOSEST-,39,0.8007778738115817,256,1,0.0018241672997387965,0.13432533503341865,1.5313244410466015e-05,10,False,True
CLOSEST-,40,0.7687986171132238,256,3,0.0016407039551715552,0.1302868277886827,3.4840982740868174e-05,10,False,True
CLOSEST-,41,0.7484874675885912,256,3,0.0016835870752454423,0.1312715781397037,0.0005313503771701078,10,False,True
CLOSEST-,42,0.756266205704408,256,3,0.0017522469739203268,0.1282558650990648,1.1597785526990674e-05,10,False,True
CLOSEST-,43,0.7796024200518582,256,1,0.002513758355758859,0.1853096226883382,1.0911554994436907e-05,10,False,True
CLOSEST-,44,0.81028522039758,256,1,0.002493243475291644,0.182799095739279,1.1415525837744643e-05,10,False,True
CLOSEST-,45,0.783923941227312,256,1,0.0024342041064167896,0.4485142183477834,3.6644517182627084e-05,20,False,True
CLOSEST-,46,0.7683664649956785,256,1,0.0026406099386300738,0.4355539376713223,3.5625273338689626e-05,10,False,True
CLOSEST-,47,0.7631806395851339,256,1,0.0027290563912723827,0.4331541629224791,3.865045421594431e-06,10,False,True
CLOSEST-,48,0.7610198789974071,256,1,0.004692488925712065,0.21329236401897794,7.06459688435225e-06,10,False,True
CLOSEST-,49,0.7847882454624028,256,1,0.005023695503515937,0.20259878647493576,3.810217702364038e-06,10,False,True
CLOSEST-,50,0.7882454624027658,256,1,0.004679063420437618,0.21594780485826523,1.243031942070644e-05,10,False,True
CLOSEST-,51,0.6041486603284356,256,2,0.09932496697618928,0.17866457333183677,1.7794771089275187e-06,20,False,False
CLOSEST-,52,0.7925669835782195,256,1,0.0014653089645728832,0.23091048507371026,2.579463145855381e-05,10,False,True
CLOSEST-,53,0.7752808988764045,256,2,0.0016442122990738364,0.37776651001244,1.504419557368704e-05,20,False,False
CLOSEST-,54,0.6469317199654279,256,2,0.010186431033995717,0.36060167787197084,2.487154866500734e-05,20,False,False
CLOSEST-,55,0.7216940363007779,256,2,0.009850231848441634,0.27074018584556947,1.562729182922557e-05,20,False,False
CLOSEST-,56,0.7969432314410481,256,1,0.001903473350341317,0.13868066806138044,1.5285293359901218e-05,10,True,True
CLOSEST-,57,0.7893013100436681,256,1,0.0012154675198521583,0.14009192543089796,0.0006790615791748008,10,True,True
CLOSEST-,58,0.7903930131004366,256,1,0.0012076545170649035,0.12004211877873865,0.0006312830485155606,10,True,True
CLOSEST-,59,0.7974890829694323,256,1,0.001241542231504645,0.11980351657158857,0.0007177446294672093,10,True,True
CLOSEST-,60,0.7494541484716157,256,1,0.014598870275588682,0.16403820303739391,7.640189049484901e-06,10,True,True
CLOSEST-,61,0.7587336244541485,256,1,0.012759291792142384,0.16852714646810082,7.482587819728926e-06,10,True,True
CLOSEST-,62,0.7521834061135371,256,1,0.007808383354439564,0.17392205422704354,0.0009398884470776455,10,True,True
CLOSEST-,63,0.7696629213483146,256,1,0.006414870779821402,0.14876022846450698,0.00041215824036268584,10,False,True
CLOSEST-,64,0.7990492653414002,256,1,0.0014462332855714826,0.19381786934539663,4.85574544924354e-05,10,False,True
CLOSEST-,65,0.7882454624027658,256,1,0.0014366688961291525,0.19063926668112305,0.00042060913720405927,20,False,True
CLOSEST-,66,0.8067685589519651,256,1,0.0013888375029814607,0.12455634148985292,0.0005075217293343334,10,True,True
CLOSEST-,67,0.799913569576491,256,1,0.002027982376678238,0.19595412726712697,5.1965382057094486e-05,10,False,True
CLOSEST-,68,0.7973206568712187,256,1,0.0014122937218222357,0.19250512492953203,5.023061256634682e-05,10,False,True
CLOSEST-,69,0.7882454624027658,256,1,0.0021984941306779668,0.19211213401541338,7.560031719902915e-05,10,False,True
CLOSEST-,70,0.7960242005185826,256,1,0.0020154398943925864,0.12042808488607966,6.800268255051333e-05,10,False,True
CLOSEST-,71,0.7856525496974935,128,1,0.001910101910034459,0.15595987143947454,8.839215312661343e-05,10,False,True
CLOSEST-,72,0.8076923076923077,128,1,0.0019770982023603135,0.11667805037034266,0.00014787905450545073,10,False,True
CLOSEST-,73,0.8045851528384279,256,1,0.00307244413753305,0.11750261141204264,5.860233860720202e-06,20,True,True
CLOSEST-,74,0.7925764192139738,128,1,0.003024700921227293,0.14068321832786532,5.514221181723696e-06,20,True,True
CLOSEST-,75,0.8078602620087336,128,1,0.0029977899208019055,0.11641608495844806,0.0003490339074727879,20,True,True
CLOSEST-,76,0.8029475982532751,128,1,0.0032572749051574482,0.11565987587139655,5.510125025005152e-06,20,True,True
CLOSEST-,77,0.7991266375545851,128,1,0.002877675810563931,0.11354927698837426,9.584471116064292e-06,20,True,True
CLOSEST-,78,0.8045851528384279,128,1,0.0028970051587332672,0.11459627910383285,0.0003197032519529394,20,True,True
CLOSEST-,79,0.7849344978165939,128,1,0.0033702455208804434,0.11531529473262823,2.6366827568311064e-06,20,True,True
CLOSEST-,80,0.800764192139738,128,1,0.004054098375893073,0.11731313666927116,0.00037922585754349077,20,True,True
CLOSEST-,81,0.7729257641921398,128,1,0.004301773346074823,0.12830352402237735,0.0003454380595211472,20,True,True
CLOSEST-,82,0.8013100436681223,128,1,0.004031692452528513,0.1480763170117677,0.0003367201487277971,20,True,True
CLOSEST-,83,0.7854803493449781,128,1,0.00428551193339246,0.14629438629855718,0.0002286212823916277,20,True,True
CLOSEST-,84,0.7767467248908297,128,1,0.0056896254652659345,0.15316649544506364,0.00022377350673799307,20,True,True
CLOSEST-,85,0.7893013100436681,128,1,0.002417804877747254,0.1571206135262879,0.00022801618900866367,20,True,False
CLOSEST-,86,0.8122270742358079,128,1,0.002515649999837874,0.10116118104208996,0.0001371365573653326,20,True,True
CLOSEST-,87,0.8067685589519651,128,1,0.0023913508851101713,0.12910374192781593,0.00013207359428817742,20,True,True
CLOSEST-,88,0.7980349344978166,128,1,0.0033653674426690726,0.10180639115102139,0.00014090776527914942,20,True,True
CLOSEST-,89,0.777292576419214,128,1,0.0034903609542568112,0.1261299279796109,0.0001452307727223284,20,True,True
CLOSEST-,90,0.7969432314410481,128,1,0.0023323843733860997,0.12778068353473146,5.166092445152536e-06,20,True,True
CLOSEST-,91,0.7931222707423581,128,1,0.00226674982178487,0.12908535176426472,0.00010911122776227405,20,True,True
CLOSEST-,92,0.8105895196506551,128,1,0.0028146216876061745,0.1353610909707162,0.0001643846807664295,20,True,True
CLOSEST-,93,0.7893013100436681,128,1,0.002761517820426697,0.1403479447611729,0.00010796030989108326,30,True,True
CLOSEST-,94,0.7903930131004366,128,1,0.0027138805832613543,0.10023288016250767,0.0002754053737640249,30,True,True
CLOSEST-,95,0.7827510917030568,128,1,0.0026342010945991628,0.1382559650800753,0.00015906901821355864,30,True,True
CLOSEST-,96,0.8024017467248908,128,1,0.0025322662375666695,0.30990246935135135,0.0001772598703575238,20,True,True
CLOSEST-,97,0.773471615720524,128,1,0.0030167787052945766,0.3287991799670341,0.00015433746410904617,20,True,True
CLOSEST-,98,0.790938864628821,128,1,0.0017673438040242903,0.328060251303546,0.00017074546835031128,20,True,True
CLOSEST-,99,0.7947598253275109,128,1,0.0029247478255416703,0.1121977079137234,0.00029506561317966927,20,True,True
CLOSEST-,100,0.7980349344978166,128,1,0.0016511516404090609,0.13318553393128474,0.0002775007377636061,20,True,True
CLOSEST-,101,0.7827510917030568,128,1,0.0036665999276800586,0.10887818326786512,0.00012790914098001865,20,True,False
CLOSEST-,102,0.7898471615720524,128,1,0.0021129428958957417,0.16873962848966878,0.0005338347945732622,20,True,False
QB-CLOSEST-,0,,256,3,0.008395058065127968,0.4865849116199198,0.00014051917345898164,20,False,True
QB-CLOSEST-,1,,128,1,0.009270223376113343,0.41045944214975916,0.00011809784897383781,10,True,True
QB-CLOSEST-,2,,128,2,0.05935379852191446,0.1609144598714352,3.0383689176497554e-06,20,False,True
QB-CLOSEST-,3,0.6041486603284356,128,3,0.09016060029347425,0.2629558603081557,3.55538790614703e-05,10,False,False
QB-CLOSEST-,4,0.5,128,2,0.01804615534690139,0.33887415353388417,1.0590655590338858e-06,30,True,False
QB-CLOSEST-,5,0.7865168539325843,128,1,0.0012585644196330226,0.1978222908376299,0.000137175375372279,10,False,False
QB-CLOSEST-,6,0.5,256,2,0.009582600752183985,0.3404418501754592,1.5222253003747967e-06,20,True,False
QB-CLOSEST-,7,0.5,128,3,0.026628599558702844,0.4473709835483163,6.739451646668059e-06,10,True,False
QB-CLOSEST-,8,0.5,256,1,0.032047685636812984,0.23782611567555545,0.0006775936037654467,30,True,False
QB-CLOSEST-,9,0.6041486603284356,256,2,0.009169503721724414,0.33579838880439167,1.6627550639015187e-06,20,False,True
QB-CLOSEST-,10,0.6698357821953328,128,3,0.013027591650874647,0.13795900564322627,6.0634008760617377e-05,20,False,True
QB-CLOSEST-,11,0.7528089887640449,256,3,0.001865914703403233,0.2420905145859875,4.691184630006246e-05,10,False,True
QB-CLOSEST-,12,0.7917026793431288,128,1,0.002006865793246897,0.1264683133677197,0.00020891141639073888,20,False,False
QB-CLOSEST-,13,0.757562662057044,256,1,0.003036212357268129,0.2053776633826896,0.0004531858089916758,30,False,False
QB-CLOSEST-,14,0.7592912705272256,256,1,0.0023269846024867548,0.466644658503216,0.00022323804699557532,30,False,False
QB-CLOSEST-,15,0.7588591184096802,128,1,0.0033358280888010623,0.11542321871793436,0.0008651884576163625,20,False,True
QB-CLOSEST-,16,0.7826274848746759,128,1,0.0010746421824532277,0.10230194550593324,0.0001493498226109341,10,False,False
QB-CLOSEST-,17,0.7765773552290406,128,1,0.0011040276905598014,0.17116585736151527,0.00016560204872679342,10,False,False
QB-CLOSEST-,18,0.7869490060501296,128,1,0.001220795828646565,0.16982252674306791,0.0001588087693443304,10,False,False
QB-CLOSEST-,19,0.797752808988764,128,1,0.0012415405872338403,0.17531276887648695,0.00012806843164524977,20,False,False
QB-CLOSEST-,20,0.7778738115816768,128,2,0.004288777657867363,0.17117546125531288,1.2948886443796754e-05,20,False,False
QB-CLOSEST-,21,0.7467588591184097,128,2,0.005247658329137942,0.1600147055518874,1.2954333859593322e-05,20,False,False
QB-CLOSEST-,22,0.766637856525497,128,2,0.004582737616387914,0.14810024738861094,1.6820038624296786e-05,20,False,False
QB-CLOSEST-,23,0.5,128,2,0.005501924871438475,0.40167686907786637,1.7619543275468346e-05,20,True,True
QB-CLOSEST-,24,0.6521175453759723,128,2,0.006161874684210183,0.2835648597637159,7.595815191445349e-05,20,False,False
QB-CLOSEST-,25,0.790838375108038,128,1,0.001802575904479101,0.2879829274659422,0.00037936354659871287,20,False,False
QB-CLOSEST-,26,0.7856525496974935,128,1,0.0018995041704648887,0.20966549793642963,0.0003108349485872149,20,False,False
QB-CLOSEST-,27,0.7847882454624028,128,1,0.0016497237719600133,0.19920806297778637,0.00010282102330812396,20,False,False
QB-CLOSEST-,28,0.7627484874675886,128,1,0.0018582181769675355,0.21109890873019005,0.00034870883079504873,20,False,False
QB-CLOSEST-,29,0.7605877268798618,128,1,0.0018085409899389771,0.3880240055190486,0.00010060238524742489,20,False,False
QB-CLOSEST-,30,0.7536732929991357,128,1,0.0027659865074437873,0.3080153683497752,0.0003357724629208316,20,False,False
QB-CLOSEST-,31,0.7783842794759825,128,1,0.0028080641806579763,0.2874589554358732,0.00039453218865866157,20,True,True
QB-CLOSEST-,32,0.7767467248908297,128,1,0.002657877130806466,0.31112313114146706,0.0006053125281158304,20,True,True
QB-CLOSEST-,33,0.769650655021834,128,1,0.003708015300564953,0.12487592968316932,0.0005340510311623311,20,True,True
QB-CLOSEST-,34,0.6041486603284356,128,1,0.0881288734329904,0.2543563915044303,3.19246660839875e-05,20,False,False
QB-CLOSEST-,35,0.7899740708729472,128,1,0.003787350617792352,0.11480857447048734,0.0007122927933961673,30,False,False
QB-CLOSEST-,36,0.801210025929127,128,1,0.0013705649930910542,0.12632262747895434,0.0002348168050173969,10,False,False
QB-CLOSEST-,37,0.7899740708729472,128,1,0.0013688659950025768,0.1762642085745072,0.0001962573000962799,10,False,False
QB-CLOSEST-,38,0.7947277441659464,128,1,0.0014277997740625215,0.10045982040559301,0.0008886781854567639,30,False,False
QB-CLOSEST-,39,0.7929991356957649,128,1,0.0014359909318913773,0.14298270211347658,0.00024741461282831685,10,False,False
QB-CLOSEST-,40,0.7817631806395852,128,1,0.0014656823610811824,0.13766567859422768,0.00026005140223640615,10,False,False
QB-CLOSEST-,41,0.7649092480553155,128,2,0.0010058407267569628,0.1357525272456599,0.0009498325726019593,30,False,False
QB-CLOSEST-,42,0.7536732929991357,256,2,0.0014428520388481052,0.10257471862110944,0.00010001953443067901,10,False,False
QB-CLOSEST-,43,0.7294727744165946,256,2,0.001028783312287954,0.10081929083593417,0.0009781808844730193,30,False,False
QB-CLOSEST-,44,0.75764192139738,256,2,0.001069793831365702,0.22849311710639642,4.711294279506579e-05,30,True,False
QB-CLOSEST-,45,0.5,256,3,0.029385664332348772,0.14767950366588817,5.276271364240207e-05,30,True,False
QB-CLOSEST-,46,0.7856525496974935,128,1,0.002282281221018588,0.14607753029211687,6.0261991083247986e-05,10,False,False
QB-CLOSEST-,47,0.7796024200518582,128,1,0.0023976354919643104,0.1890646028921005,0.00011938110333141167,10,False,False
QB-CLOSEST-,48,0.7934312878133103,128,1,0.0022096781458141586,0.12292316513213085,0.00011367042490717523,10,False,False
QB-CLOSEST-,49,0.7925669835782195,128,1,0.0022516432929984413,0.12706974032209484,0.00023678870947083889,10,False,False
QB-CLOSEST-,50,0.7631806395851339,128,1,0.007102892856794059,0.12301406097721704,0.00021950500457765102,10,False,False
QB-CLOSEST-,51,0.7342264477095938,128,1,0.017886320336972895,0.12156468016641842,3.668157309892366e-06,10,False,False
QB-CLOSEST-,52,0.7869490060501296,128,1,0.0014906527046372492,0.15964555984729456,4.730041620270203e-06,10,False,False
QB-CLOSEST-,53,0.7800345721694036,128,1,0.0013489329509336883,0.18768321268171756,7.295736986933134e-05,10,False,False
QB-CLOSEST-,54,0.7545375972342264,128,1,0.001378085080151834,0.49748535324380816,6.968780994680685e-05,10,False,False
QB-CLOSEST-,55,0.6041486603284356,128,1,0.07144517156578224,0.2252116776955969,0.00046925542336752405,10,False,True
QB-CLOSEST-,56,0.7709593777009507,128,1,0.00217101426804241,0.1509321803972545,0.0002733261877877009,10,False,False
QB-CLOSEST-,57,0.7757130509939498,128,1,0.0021315251195958658,0.15266665966496407,0.000263469904677188,10,False,False
QB-CLOSEST-,58,0.7856525496974935,128,1,0.0023264753860457333,0.1560088241540602,0.00014618088469391067,10,False,False
QB-CLOSEST-,59,0.7787381158167676,128,1,0.001230076397989512,0.113043083189062,0.0001725267287208393,10,False,False
QB-CLOSEST-,60,0.7852203975799481,128,1,0.0012495594055581156,0.11426383919571312,0.0001387133275479813,10,False,False
QB-CLOSEST-,61,0.7813310285220397,128,1,0.0012080491601183115,0.13409263395785093,0.00018370358065892696,30,False,False
QB-CLOSEST-,62,0.7532411408815903,128,1,0.00311599948254965,0.13595303751009088,0.00018704255174681106,30,False,False
QB-CLOSEST-,63,0.7713915298184961,128,1,0.0016189578304397006,0.13298836494146704,2.4582786801659055e-05,30,False,False
QB-CLOSEST-,64,0.7886776145203112,256,1,0.0016692684183758817,0.18237961881631268,2.3749954807750275e-05,30,False,False
QB-CLOSEST-,65,0.7817631806395852,256,1,0.0016566130092211199,0.17697421919119447,0.0007081475445463458,10,False,False
QB-CLOSEST-,66,0.7826274848746759,128,1,0.0016505491267239736,0.16677170998071644,0.0007176468171691407,10,False,False
QB-CLOSEST-,67,0.7821953327571305,128,1,0.00175593777018239,0.16654666937757837,9.119992506220875e-05,10,False,False
QB-CLOSEST-,68,0.7718236819360415,128,1,0.0020115311301314265,0.1035990382656512,8.737940553097144e-05,10,False,False
QB-CLOSEST-,69,0.780466724286949,128,1,0.0020219880104292358,0.10815811832966932,0.00011592248085615872,20,False,True
QB-CLOSEST-,70,0.7722558340535869,128,1,0.003346695385860097,0.10458572885632834,0.00044661763638689523,20,False,True
QB-CLOSEST-,71,0.7680131004366813,128,1,0.002773585080869131,0.1263364869480342,0.0004691187556843143,20,True,True
QB-CLOSEST-,72,0.7036026200873362,128,1,0.012491212843992561,0.3727088496898287,0.0004100117924935932,20,True,False
QB-CLOSEST-,73,,128,3,0.003449502932330484,0.12485896542155202,0.0005112229646332592,20,False,False
QB-CLOSEST-,74,0.6041486603284356,128,3,0.004545926572138716,0.12686108746159164,0.0003172534495285957,10,False,False
QB-CLOSEST-,75,0.7554019014693172,128,1,0.004142826550918523,0.12420491865985421,0.0002995194390235617,10,False,False
QB-CLOSEST-,76,,128,1,0.0011808635920944532,0.14326415972361775,0.00022444833891994043,20,False,False
QB-CLOSEST-,77,,128,1,0.002476813474576101,0.3462010405353305,0.0002188031572831849,20,False,False
QB-CLOSEST-,78,,128,1,0.0011654862679178122,0.3275403298034625,0.0002473565856979758,20,False,False
QB-CLOSEST-,79,,128,1,0.002570264583481949,0.14394432985872913,0.0005858694275051999,20,False,False
QB-CLOSEST-,80,,128,1,0.0025631575535348013,0.24921692270164106,0.00022548417339864982,20,False,False
QB-CLOSEST-,81,0.7865168539325843,128,1,0.0024938293286441817,0.14485263910702667,0.00023043846557389792,20,False,False
QB-CLOSEST-,82,0.7748487467588591,128,1,0.002459836285028952,0.35176182135532047,0.00022354954024032776,20,False,False
QB-CLOSEST-,83,0.7571305099394987,128,1,0.0025271801288131945,0.3386358137340746,0.0002337888455532737,20,False,False
QB-CLOSEST-,84,0.773552290406223,128,1,0.0019309137527947027,0.3652393793693275,0.0005927477282461408,20,False,False
QB-CLOSEST-,85,0.7558340535868626,128,1,0.001893609356355765,0.4240573788353531,0.0005679124820067713,20,False,False
QB-CLOSEST-,86,0.7834917891097667,128,1,0.0012121771624640362,0.2727507519518493,0.0005847921997770237,20,False,False
QB-CLOSEST-,87,0.7800345721694036,128,1,0.0011865436219905615,0.4092457978754432,0.000370851126960054,20,False,False
QB-CLOSEST-,88,0.7761452031114953,128,1,0.0015478253741527733,0.27908178779387377,0.0003605246494224877,30,False,False
QB-CLOSEST-,89,0.6041486603284356,128,1,0.03864475783319968,0.3184493940592247,0.00011552765932011963,30,False,False
QB-CLOSEST-,90,0.7627484874675886,128,1,0.0011128154487979516,0.2532240642932262,0.0003733996411338203,10,False,False
QB-CLOSEST-,91,0.7450302506482281,128,2,0.0015089945164722563,0.14523239152452444,0.0007936707439113721,10,False,False
QB-CLOSEST-,92,0.77009507346586,128,1,0.003554536319584324,0.1174901562531111,0.0007658220714950754,30,False,False
QB-CLOSEST-,93,0.7709593777009507,128,1,0.001015679864248421,0.11662723948110004,0.0008391095577153534,30,False,False
QB-CLOSEST-,94,0.7636127917026794,128,1,0.0037446031105033434,0.11535380837376907,0.0007987300273763235,30,False,False
QB-CLOSEST-,95,0.7381158167675022,128,1,0.006891914647237148,0.11623835249815553,0.0001613070233835565,30,False,False
QB-CLOSEST-,96,0.7273120138288678,128,1,0.007595013538320232,0.16157303018083138,0.00015709585195168956,30,False,False
QB-CLOSEST-,97,0.7618841832324978,256,1,0.0029455493045342255,0.137494752883683,0.0005195373241008956,30,False,False
QB-CLOSEST-,98,0.7745633187772926,256,1,0.0029299357380064605,0.1983382323310302,0.0005151202905010529,30,True,False
QB-CLOSEST-,99,0.7494541484716157,256,3,0.0013542498089782237,0.2019743740916771,0.0002756530465457714,10,True,False
QB-CLOSEST-,100,0.7778738115816768,128,1,0.0013311100294061736,0.14010666579761136,0.0002817967547314005,10,False,False
QB-CLOSEST-,101,0.7865168539325843,128,1,0.0013791829971742475,0.1285452876786162,0.00028673982570599625,10,False,False
QB-CLOSEST-,102,0.7925669835782195,128,1,0.0013779945955747963,0.17505400260273987,0.00020219089350348145,10,False,False
QB-CLOSEST-,103,0.7670700086430423,128,1,0.002143332511857352,0.21697648857778334,0.0001981680727376542,10,False,False
QB-CLOSEST-,104,0.7675021607605877,128,1,0.002170272287587538,0.15615240670880448,0.00018262665597381647,10,False,False
QB-CLOSEST-,105,0.7843560933448573,128,1,0.001120117809751993,0.178570005503957,0.0001995785293862268,10,False,False
QB-CLOSEST-,106,0.7683664649956785,128,1,0.001833933748771698,0.15542673739600454,4.017052384214321e-05,10,False,False
QB-CLOSEST-,107,0.7592912705272256,128,1,0.0018573480044359026,0.10079743896788859,0.0001372102451868314,10,False,False
QB-CLOSEST-,108,0.7852203975799481,128,1,0.0017672321679330642,0.10032116185545839,0.00012826448415153714,20,False,False
DELAUNAY,0,0.6041486603284356,128,3,0.08960007376973025,0.21185672462958616,6.614700672564592e-06,10,False,True
DELAUNAY,1,0.7123362445414847,256,1,0.011384032224974116,0.12139187234736873,2.1511093437229966e-05,20,True,True
DELAUNAY,2,0.6041486603284356,256,2,0.040850942554697976,0.4182899217649104,3.8654622376056134e-05,20,False,True
DELAUNAY,3,0.5,256,1,0.07044543943728715,0.4802644173049596,4.1001975354878585e-05,10,True,False
DELAUNAY,4,0.6041486603284356,256,2,0.0946496757829276,0.31974974962838243,3.720210230485165e-05,10,False,True
DELAUNAY,5,0.7476231633535004,256,1,0.005710610707977876,0.1186104123575038,0.0007863273313286726,30,False,True
DELAUNAY,6,0.6675764192139738,128,1,0.006042968447951393,0.4585707458922088,0.00019395932116225584,30,True,True
DELAUNAY,7,0.6041486603284356,256,2,0.016954906364263965,0.29448886514959594,1.8050404482528936e-06,30,False,True
DELAUNAY,8,0.5,128,3,0.002810555767930811,0.4143007545760893,5.0985491264652175e-05,10,True,True
DELAUNAY,9,0.5,128,3,0.019110633165655443,0.12650894869688112,0.0007082351371632423,20,True,True
DELAUNAY,10,0.6997816593886463,256,3,0.0010888515956375168,0.34146099305853606,0.00024050446966527496,30,True,True
DELAUNAY,11,0.5,256,3,0.0062495103915456525,0.36469889947058165,2.0661127222569726e-06,10,True,True
DELAUNAY,12,0.773552290406223,256,1,0.0010397902265731947,0.21927164354808876,0.0009068081388232016,30,False,False
DELAUNAY,13,0.7726879861711322,256,1,0.0010597489899802344,0.1005891075901531,0.0006920277978190374,20,False,False
DELAUNAY,14,0.766637856525497,256,1,0.0037548002740431367,0.10296312595999113,1.1242012730076774e-05,20,False,False
DELAUNAY,15,0.773552290406223,256,1,0.0010496840733183637,0.20431783695880065,0.0007997336623167563,30,False,False
DELAUNAY,16,0.783923941227312,256,1,0.001086960663291456,0.2273801551287542,0.00026369032510597737,20,False,False
DELAUNAY,17,0.7757130509939498,256,1,0.0010275837251562344,0.20803807486254222,0.00021216079678930172,30,False,False
DELAUNAY,18,0.7640449438202247,256,2,0.0018702617501668642,0.22305207335027027,0.00022082035467657396,30,False,False
DELAUNAY,19,0.7649092480553155,256,2,0.0019067745512423874,0.24996018792594643,0.0002098136598348153,20,False,False
DELAUNAY,20,0.7713915298184961,128,2,0.0018870554855759682,0.27984834653367396,0.0001081713945602475,20,False,False
DELAUNAY,21,0.7545375972342264,128,2,0.002006698822810676,0.2643449240862108,0.0001216772834766014,20,False,False
DELAUNAY,22,0.7787381158167676,128,1,0.0019368656850577979,0.16506273010586192,9.83992598286498e-05,20,False,False
DELAUNAY,23,0.783923941227312,256,1,0.0015850396110435217,0.17984176860492507,0.00042159173877149767,30,False,False
DELAUNAY,24,0.7618841832324978,256,1,0.0034110114611816313,0.16999391576908482,0.0004694718126864553,30,False,False
DELAUNAY,25,0.7761452031114953,128,1,0.0032459093525256393,0.15578507581017562,8.733509169160616e-05,20,False,False
DELAUNAY,26,0.7545375972342264,128,1,0.003294134043600908,0.17080076403685213,0.0003948530236980202,20,False,False
DELAUNAY,27,0.7592912705272256,128,1,0.0026436736102648938,0.16403285349512514,9.432990738571462e-05,20,False,False
DELAUNAY,28,0.7515125324114088,128,1,0.0015909758014209202,0.16695633697270687,0.0003936904661808817,20,False,False
DELAUNAY,29,0.7796024200518582,128,1,0.0015054346153400918,0.15408920973672224,0.00034083904470851717,20,False,False
DELAUNAY,30,0.7649092480553155,128,1,0.0015237488650109744,0.24893218202372502,0.0004267574453422639,20,False,False
DELAUNAY,31,0.7566983578219534,128,2,0.0014220174829895058,0.25364740167460487,1.9272974867889452e-05,20,False,False
DELAUNAY,32,0.7653414001728609,128,2,0.001455762862718791,0.24527311156041098,0.0004006183419291814,10,False,False
DELAUNAY,33,0.7623163353500432,128,1,0.0046428911629477106,0.19495142476941046,6.500024615889536e-05,20,False,False
DELAUNAY,34,0.7744165946413137,128,1,0.0022513382487850623,0.19225110450652122,7.120748963122811e-05,20,False,False
DELAUNAY,35,0.7545375972342264,128,1,0.004390408740487744,0.1969500709850971,6.42097930648988e-05,20,False,False
DELAUNAY,36,0.7886776145203112,128,1,0.002253473115885472,0.14523271062423973,0.0002822884336841854,20,False,False
DELAUNAY,37,0.7329299913569577,128,1,0.010242584705532489,0.13176095527836285,0.00013991465935411548,20,False,False
DELAUNAY,38,0.6041486603284356,256,1,0.0410210059597888,0.1460271747529123,0.00028788211949524626,20,False,False
DELAUNAY,39,0.6041486603284356,256,1,0.053904376044547,0.14478925325900105,0.0001539717879925222,10,False,False
DELAUNAY,40,0.7805676855895196,256,1,0.0014333495991373467,0.14352294185463643,0.0001659137279280306,10,True,False
DELAUNAY,41,0.7701965065502183,256,1,0.0025014043841162284,0.222404412889483,2.64329201223655e-05,30,True,False
DELAUNAY,42,0.7379912663755459,256,1,0.00804321322134737,0.23216927949063607,0.0005897651985373259,30,True,False
DELAUNAY,43,0.7614628820960698,256,1,0.0012967682662220954,0.12786798190927529,0.0005775815643473142,10,True,False
DELAUNAY,44,0.7767467248908297,256,1,0.0013216901456828763,0.12813869035918618,0.0005571778496752597,10,True,False
DELAUNAY,45,0.7854803493449781,256,1,0.0013361031505257422,0.18501916034752514,0.0002774102980956722,10,True,False
DELAUNAY,46,0.7494541484716157,256,1,0.0012714989802318664,0.18313941594796382,0.0003022375098496736,10,True,True
DELAUNAY,47,0.7019650655021834,256,2,0.0012634308419387022,0.1878197868642762,0.00030461151294836086,10,True,True
DELAUNAY,48,0.5,256,2,0.014843860301592206,0.18664560280506926,0.0003040446194931607,10,True,True
DELAUNAY,49,0.5,256,1,0.018189631488425225,0.3208102248599191,3.3088933889748324e-06,10,True,True
DELAUNAY,50,0.7680131004366813,256,1,0.0026789399007754837,0.11608383873924963,3.2015993304342982e-06,10,True,False
DELAUNAY,51,0.7652838427947598,256,1,0.0024953091634235917,0.3184107899327411,4.794947555928131e-06,10,True,False
DELAUNAY,52,0.7882096069868996,256,1,0.002756551564524648,0.11493588161054966,0.00018495743871119422,10,True,False
DELAUNAY,53,0.7849344978165939,256,1,0.0015941716915819223,0.14396447215962116,0.00017095261694243023,10,True,False
DELAUNAY,54,0.7516375545851528,256,1,0.0016463452876904897,0.14448296761773802,0.00014817379341451812,30,True,False
DELAUNAY,55,0.7762008733624454,256,1,0.00167135056193449,0.11235986888899585,0.00019184427154293952,10,True,False
DELAUNAY,56,0.7767467248908297,256,1,0.0017487458749269567,0.11011831411369497,0.00016485747491030517,10,True,False
DELAUNAY,57,0.769650655021834,256,1,0.002230515537348992,0.11723632539975706,0.00021404607822626918,10,True,False
DELAUNAY,58,0.7434497816593887,256,1,0.002142100080451679,0.49500805026796196,4.5666733676271794e-05,10,True,False
DELAUNAY,59,0.7718340611353712,256,1,0.0010003834503895166,0.43638096787459496,4.513410184051015e-05,10,True,False
DELAUNAY,60,0.5,256,3,0.026764794930637888,0.4292704951784152,0.0009803986128874072,30,True,False
DELAUNAY,61,0.7243449781659389,256,3,0.0011404580384231761,0.18176778880858577,0.0002483742266652368,30,True,False
DELAUNAY,62,0.7669213973799127,256,1,0.001091520979672195,0.18181093590624797,0.000253496851276924,30,True,False
DELAUNAY,63,0.7631004366812227,256,1,0.0011798683262858973,0.1370272499831613,1.0582701897106054e-06,10,True,False
DELAUNAY,64,0.7592794759825328,256,1,0.003000262665973711,0.13638385739103293,0.00018191850099081574,10,True,False
DELAUNAY,65,0.7669213973799127,256,1,0.0029264577210912296,0.1375689179986842,0.00012161212559392864,10,True,False
DELAUNAY,66,0.7778384279475983,256,1,0.0019371232179249123,0.15923382747340276,0.00012076010195594509,10,True,False
DELAUNAY,67,0.7887554585152838,256,1,0.001821193308418215,0.20598491475483244,0.00012829135271687488,10,True,False
DELAUNAY,68,0.7463267070008643,256,1,0.0037917680022836156,0.20717082635497935,0.0007547964233119842,10,False,False
DELAUNAY,69,0.7532411408815903,256,1,0.0038876052210105394,0.20827299343933814,0.000738213327182219,10,False,False
DELAUNAY,70,0.7178046672428695,256,1,0.00514183436546792,0.21426676333639852,0.0004946379392358113,10,False,False
DELAUNAY,71,0.7497839239412273,256,1,0.005223934191437737,0.2765138290546021,0.000522175793065624,20,False,False
DELAUNAY,72,0.7670700086430423,256,1,0.0022505900595911153,0.37067527704805214,8.298845272826307e-05,20,False,False
DELAUNAY,73,0.7603711790393013,256,1,0.0014767866067275657,0.16945397945682447,8.245077312527594e-05,10,True,False
DELAUNAY,74,0.7549126637554585,256,1,0.002254690057345064,0.22971542177190574,0.00035702027456738705,10,True,False
DELAUNAY,75,0.7647379912663755,256,1,0.0017565298031467112,0.2324186293663788,0.0003851457731320237,10,True,False
DELAUNAY,76,0.7832969432314411,256,1,0.0018077681443466472,0.1516060014696587,0.00037531038338336543,10,True,False
DELAUNAY,77,0.7838427947598253,256,1,0.0014125144464755294,0.1000434058596528,0.00024585701515913213,10,True,False
DELAUNAY,78,0.7794759825327511,256,1,0.0018942802607771984,0.15616676326735965,0.00036094705493443235,30,True,False
DELAUNAY,79,0.7565502183406113,128,1,0.001990554201100635,0.15725346597313777,0.00026270511050988647,30,True,True
DELAUNAY,80,0.7813310285220397,256,1,0.0016191548420270623,0.17454868465639006,1.1313603879426756e-05,20,False,False
DELAUNAY,81,0.7216940363007779,256,1,0.007437677240891851,0.1085988536652459,0.00021757067014368893,20,False,False
DELAUNAY,82,0.7376836646499568,128,2,0.007645092303910736,0.10230047976682068,1.4322566090666772e-05,20,False,False
DELAUNAY,83,0.7581877729257642,256,1,0.0012026050095863545,0.10334830373750768,0.00046257958522434215,10,True,False
DELAUNAY,84,0.7794759825327511,256,1,0.0015947979683653478,0.12343665364079542,0.00013422439163503694,10,True,False
DELAUNAY,85,0.7516375545851528,256,1,0.001446922989405576,0.12465248837140355,0.00017919394812343877,10,True,False
DELAUNAY,86,0.7811135371179039,256,1,0.0013659988186974935,0.12481924815728374,0.00013424109712432898,10,True,False
DELAUNAY,87,0.7816593886462883,256,1,0.001329221624285658,0.19773113869704978,0.00013494129960723282,10,True,False
DELAUNAY,88,0.7729257641921398,256,1,0.001364425022752746,0.1748236917599165,0.0003083827020811338,10,True,False
DELAUNAY,89,0.7521834061135371,256,1,0.002409690881579786,0.200542034564363,0.0003233043508210203,10,True,False
DELAUNAY,90,0.7516375545851528,128,1,0.002477941098529994,0.14817297899407272,0.0006316716983231398,10,True,True
DELAUNAY,91,0.7456331877729258,128,1,0.0023843229070051332,0.15104624725442328,0.000609825238871605,10,True,True
DELAUNAY,92,0.7627484874675886,128,1,0.0017802924195296694,0.14616537871554128,0.00023973858781385152,10,False,True
DELAUNAY,93,0.7729257641921398,256,1,0.0011271678807069777,0.1905216250543964,0.0001065749281597654,10,True,False
DELAUNAY,94,0.7707423580786026,256,1,0.001176623824887226,0.19480932948014704,0.00010408336235827834,10,True,False
DELAUNAY,95,0.7723799126637555,256,1,0.001760291843839074,0.16339455152731153,0.00026237748123654155,10,True,False
DELAUNAY,96,0.7778384279475983,256,1,0.0012650235046093381,0.1646219800131117,0.00020532518348188264,10,True,False
DELAUNAY,97,0.7549126637554585,256,1,0.002072748144837897,0.16149618204409405,0.0004376549700062891,10,True,False
DELAUNAY,98,0.7762008733624454,256,1,0.001542784878487249,0.2153199762937194,0.000277649031353844,20,True,False
DELAUNAY,99,0.7631004366812227,256,1,0.00212901112948821,0.2213029009001565,0.0004420122739895583,20,True,False
GABRIEL,0,0.7794759825327511,128,1,0.0023645889101066887,0.29019228929424223,1.6134634287842456e-05,20,True,False
GABRIEL,1,0.6041486603284356,256,2,0.046419619511783465,0.4943924515453576,1.629502859147346e-06,30,False,False
GABRIEL,2,0.5,256,3,0.02545612734921669,0.4418731856630653,0.000158494728402639,10,True,True
GABRIEL,3,0.6108078602620087,128,1,0.02790140429565493,0.11636113114909491,9.830131261529309e-05,10,True,False
GABRIEL,4,0.7675021607605877,128,1,0.0014899394351058262,0.25683756004722724,2.0720663681521054e-05,30,False,True
GABRIEL,5,0.773552290406223,256,1,0.0013045622732812887,0.19259988232872974,9.245836599693449e-05,20,False,True
GABRIEL,6,0.5,256,2,0.007864277691162798,0.2526394274198196,5.4445754888375325e-05,30,True,True
GABRIEL,7,0.6996542783059637,128,3,0.002763961992869483,0.1950909442996548,3.417269320968908e-06,30,False,True
GABRIEL,8,0.5,256,3,0.010688999464428367,0.1472621388164254,8.076944986206294e-06,10,True,True
GABRIEL,9,0.6572052401746725,128,1,0.01962159641710677,0.12224102911246026,6.325367804961559e-06,30,True,False
GABRIEL,10,0.7579948141745895,128,1,0.0013797462643221387,0.4222935479130957,4.647484013284175e-06,20,False,True
GABRIEL,11,0.7752808988764045,256,1,0.0024996790415210786,0.13618079967686564,1.3296246719200526e-05,20,False,False
GABRIEL,12,0.7723799126637555,128,2,0.004095746771321815,0.3548001606604352,0.0009441219104661811,20,True,False
GABRIEL,13,0.7718236819360415,128,2,0.003910558973629024,0.3559734945320745,0.0005798206509878489,20,False,False
GABRIEL,14,0.777009507346586,128,2,0.003823841485524486,0.3564886277981316,2.093871482322041e-05,20,False,False
GABRIEL,15,0.7510803802938635,256,1,0.003187323357078689,0.311904847753614,1.9082948979885008e-05,20,False,False
GABRIEL,16,0.7352620087336245,256,2,0.005927162930574565,0.35403535396580127,1.5403439871464595e-05,20,True,False
GABRIEL,17,0.5,256,2,0.08884503914486162,0.1945616474024488,1.5518414974973298e-05,20,True,False
GABRIEL,18,0.5,128,2,0.010135838788528601,0.3433325830491679,3.885117323454305e-05,20,True,False
GABRIEL,19,0.6686681222707423,128,3,0.0072010116863512955,0.3534359931980063,3.663984110742824e-05,20,True,False
GABRIEL,20,0.6802074330164217,128,3,0.005857154581948386,0.26874093332157273,0.00026685896699739446,20,False,False
GABRIEL,21,0.6629213483146067,128,3,0.005912657450286617,0.40313067801751384,0.0002418215034041624,20,False,False
GABRIEL,22,0.7545375972342264,128,3,0.002130959193940899,0.26923063626499755,1.0690841477653788e-06,10,False,False
GABRIEL,23,0.780466724286949,128,1,0.0023305223361163355,0.40861214532521817,1.0243705095964452e-05,20,False,False
GABRIEL,24,0.7787381158167676,128,1,0.0021418898631863454,0.2934609107683591,1.183222240240704e-05,20,False,False
GABRIEL,25,0.7726879861711322,128,1,0.0018731839196605374,0.39392543133986446,2.0518399096074825e-06,20,False,False
GABRIEL,26,0.7713915298184961,128,1,0.001772538235031049,0.40175061900073017,3.1445309278707094e-06,20,False,False
GABRIEL,27,0.7882454624027658,128,1,0.001908598158339266,0.3064631008319722,3.707255119003599e-06,20,False,False
GABRIEL,28,0.7739844425237684,128,1,0.0018940442634901898,0.3041735659101147,8.533007802584745e-06,20,False,False
GABRIEL,29,0.7713915298184961,128,1,0.0011187872778227524,0.4808867066765306,3.1158750599800683e-06,20,False,False
GABRIEL,30,0.777292576419214,128,1,0.0010435933293417978,0.4770247189988326,8.326609433493247e-06,10,True,False
GABRIEL,31,0.7822052401746725,128,1,0.0012637671186270809,0.45482809365296956,1.8647403777205872e-06,10,True,False
GABRIEL,32,0.7705272255834054,128,1,0.0010356530531641936,0.48172757262303006,2.1344186197217857e-06,30,False,False
GABRIEL,33,0.7791702679343129,128,1,0.002777951614249486,0.22935566665795437,1.972572892409387e-06,20,False,False
GABRIEL,34,0.7767467248908297,128,1,0.0010024321925775504,0.4611991964287293,1.1959107823861862e-06,10,True,False
GABRIEL,35,0.7832969432314411,128,1,0.00269993701257079,0.2219463872409068,4.879254926071282e-06,10,True,False
GABRIEL,36,0.6632096069868996,128,1,0.015335975770686168,0.4317011853432497,5.264718207776528e-06,10,True,False
GABRIEL,37,0.7620087336244541,128,1,0.0015928887841993862,0.4357528176993519,5.151642309154751e-06,10,True,False
GABRIEL,38,0.7374454148471615,128,1,0.001511049898275659,0.4519424620294344,2.7999349425732524e-05,10,True,True
GABRIEL,39,0.7794759825327511,128,1,0.0015992038004187744,0.22214137839889048,4.2154083996505365e-06,10,True,False
GABRIEL,40,0.7358078602620087,128,1,0.00331510110323064,0.22574498818128935,1.458167589376511e-06,10,True,True
GABRIEL,41,0.7390829694323144,128,1,0.003325491891133195,0.3249329685862065,3.468991983598959e-06,10,True,True
GABRIEL,42,0.7276200873362445,128,2,0.003098901510964863,0.17711802769696394,1.6477874667653031e-06,10,True,True
GABRIEL,43,0.7843886462882096,128,1,0.002383814432383886,0.15744937857314872,7.2898704908810275e-06,10,True,False
GABRIEL,44,0.5,128,1,0.038084258864643214,0.38824313014160694,7.343191222055744e-06,30,True,False
GABRIEL,45,0.7931222707423581,128,1,0.002422193631069582,0.16633410078648864,1.0728335824482553e-05,10,True,False
GABRIEL,46,0.7652838427947598,256,1,0.0024327410502760554,0.2870324512234383,9.7206201465391e-06,10,True,False
GABRIEL,47,0.7958515283842795,128,1,0.0024277471220253356,0.1732986157735482,1.1298242830000749e-05,10,True,False
GABRIEL,48,0.7701965065502183,256,1,0.004792790515635945,0.1626934073169807,2.536519854602279e-06,10,True,False
GABRIEL,49,0.7718340611353712,128,1,0.0013342758439885377,0.10232282488273953,2.4661441244457294e-06,10,True,False
GABRIEL,50,0.759825327510917,128,2,0.0048871507952389535,0.1022303471257581,5.815535522781071e-06,10,True,False
GABRIEL,51,0.7740174672489083,256,2,0.004727811766955075,0.1663690298142878,6.0161288783529635e-06,10,True,False
GABRIEL,52,0.773471615720524,128,2,0.004530637086804882,0.14220512874788616,5.871650895329383e-06,10,True,False
GABRIEL,53,0.7991266375545851,128,1,0.001290836504422539,0.1469424869614921,4.314798696914035e-06,10,True,False
GABRIEL,54,0.7712882096069869,128,1,0.0012998148085344812,0.1361430446716872,4.063552254476893e-06,10,True,False
GABRIEL,55,0.7745633187772926,128,1,0.0012641573266958654,0.21233650709455387,2.1664255084408614e-05,10,True,False
GABRIEL,56,0.7914847161572053,128,1,0.0027230271982302567,0.20952868720187998,4.06343723081431e-06,10,True,False
GABRIEL,57,0.7789301310043668,128,1,0.002703265603499849,0.21048044540774,1.0732246814974168e-05,10,True,False
GABRIEL,58,0.7865720524017468,128,1,0.002764044556049289,0.17999923176786864,1.4047944978801724e-05,30,True,False
GABRIEL,59,0.7849344978165939,128,1,0.0017784188177058851,0.18332383329992577,1.2985973747167199e-05,30,True,False
GABRIEL,60,0.800764192139738,128,1,0.0020214607599131056,0.17981612723937482,6.334435884734299e-05,30,True,False
GABRIEL,61,0.7483624454148472,128,1,0.0037539105596968714,0.17842450152190134,6.0753858103577235e-05,30,True,True
GABRIEL,62,0.7057860262008734,128,1,0.008051658311355209,0.2473879820621964,9.440699959792397e-05,30,True,True
GABRIEL,63,0.7860262008733624,128,1,0.002086784403705424,0.12380808673269475,9.698572394376174e-05,30,True,False
GABRIEL,64,0.787117903930131,128,1,0.0020665236236366786,0.12347494127236508,5.382267844669151e-05,30,True,False
GABRIEL,65,0.7882096069868996,128,1,0.0019985067299143028,0.13045067586509124,4.8371203076073476e-05,30,True,False
GABRIEL,66,0.7816593886462883,128,1,0.002065740468682506,0.1236466006037304,6.414167893855042e-05,30,True,False
GABRIEL,67,0.8056768558951966,128,1,0.002068783623180845,0.12932661437922188,5.959214639528903e-05,30,True,False
GABRIEL,68,0.7958515283842795,128,1,0.0016304663095992853,0.15207826751911022,6.000412326737088e-05,30,True,False
GABRIEL,69,0.7887554585152838,256,1,0.0016075932954897315,0.1490681622976853,0.00011446167985754133,30,True,False
GABRIEL,70,0.7882096069868996,256,1,0.0016493685520042284,0.1520250419531554,2.952906224147368e-05,30,True,False
GABRIEL,71,0.7887554585152838,256,1,0.001624006557293445,0.15691856397812984,0.0001315826885652841,30,True,False
GABRIEL,72,0.7903930131004366,128,1,0.0014698912421313676,0.202699013331336,0.00014357915877490226,30,True,False
GABRIEL,73,0.7767467248908297,256,1,0.001474829726533835,0.19288544870905308,0.00013950691984902555,30,True,False
GABRIEL,74,0.7876637554585153,256,1,0.0014200301533448837,0.2055163437627651,0.00014076131300026795,30,True,False
GABRIEL,75,0.5,128,1,0.09590039222563936,0.20263873326387066,0.0002881615937930125,30,True,False
GABRIEL,76,0.7931222707423581,128,1,0.0012171166933737608,0.20879517729029293,0.00020843355732298225,30,True,False
GABRIEL,77,0.7925764192139738,128,1,0.002353457197361222,0.16983370926377175,0.0001736163766085767,30,True,False
GABRIEL,78,0.7947598253275109,128,1,0.0011293202260332321,0.16764237799315249,0.00018970614246566263,30,True,False
GABRIEL,79,0.7854803493449781,128,1,0.002450273363072092,0.16462360386298866,0.00018521024481452133,30,True,False
GABRIEL,80,0.7974890829694323,128,1,0.0011181859748991196,0.16725043075308804,0.00046726031076365515,30,True,False
GABRIEL,81,0.7925764192139738,128,1,0.001166026121733941,0.1699393209345304,0.00038313902577403385,30,True,False
GABRIEL,82,0.7925764192139738,128,1,0.0011897980737038902,0.11329191836423101,0.0004205887426760406,30,True,False
GABRIEL,83,0.790938864628821,128,1,0.0011361627745164018,0.19051904162397582,0.00048141778650416056,30,True,False
GABRIEL,84,0.7882096069868996,128,1,0.0011445329537464488,0.14282995686851999,0.0005571439403036645,30,True,False
GABRIEL,85,0.7800218340611353,128,1,0.0011276064105251132,0.14252735282017517,8.179586408937542e-05,30,True,False
GABRIEL,86,0.5,128,1,0.0714373700889981,0.13887304146425833,7.484186397122843e-05,30,True,False
GABRIEL,87,0.7942139737991266,128,1,0.0010335877259881675,0.1465363092975838,0.0008808625227755689,30,True,False
GABRIEL,88,0.7740174672489083,128,1,0.001001579589925672,0.23675675128873788,7.74836561748201e-05,30,True,False
GABRIEL,89,0.75764192139738,128,1,0.013131282828321917,0.10964509499899715,0.0008733737475743778,30,True,False
GABRIEL,90,0.7969432314410481,128,1,0.0013751769870368284,0.1091248122007235,0.0009437809952268974,30,True,False
GABRIEL,91,0.7811135371179039,128,1,0.0017141939694438552,0.1149514193583747,0.0008264318770407746,30,True,False
GABRIEL,92,0.7778384279475983,128,1,0.0013587805834712257,0.15280720566139105,4.217369971236977e-05,30,True,True
GABRIEL,93,0.7882096069868996,128,1,0.0013550383108923694,0.13203993382790286,3.664234060963287e-05,30,True,False
GABRIEL,94,0.7865720524017468,128,1,0.0013666793533461082,0.1304294417707112,0.0007241107861708521,30,True,False
GABRIEL,95,0.7903930131004366,128,1,0.0017845265529040342,0.13407242093002142,0.0007486375761928765,30,True,False
GABRIEL,96,0.790938864628821,128,1,0.0017703562524850492,0.1842778277461014,0.000659365008402684,30,True,False
GABRIEL,97,0.767467248908297,128,1,0.0018253424327641062,0.18803621275955779,0.0009897721273648067,30,True,False
GABRIEL,98,0.7456331877729258,128,3,0.003050983206580598,0.17663585117984582,0.0006139840576485225,10,True,False
GABRIEL,99,0.6975982532751092,128,1,0.023541651249780155,0.17315879153654695,0.00031618059472880575,10,True,False
RNG,0,0.6041486603284356,128,3,0.01606078173256786,0.11606291399229743,0.0005927866969193882,30,False,True
RNG,1,0.5,128,3,0.0472100142627847,0.20893334896457777,2.3885964642372673e-05,20,True,True
RNG,2,0.6041486603284356,256,2,0.06061067399963912,0.35658061250814177,0.0007199134080545323,20,False,False
RNG,3,0.7489082969432315,128,1,0.0032015054786199634,0.25411967897664856,2.9126555493139075e-06,20,True,True
RNG,4,0.7865168539325843,128,2,0.003454889840700874,0.3088623159969718,0.00012203029905063232,20,False,False
RNG,5,0.7079694323144105,256,1,0.0066101482316456685,0.45893652941216856,5.015313319105273e-05,30,True,True
RNG,6,0.5,128,3,0.02057645201614201,0.12637775693537479,1.4782623488190528e-06,20,True,False
RNG,7,0.6041486603284356,256,2,0.04176956154030957,0.441522000487762,0.0005820738837178524,10,False,True
RNG,8,0.6041486603284356,256,2,0.0456119268065293,0.3519994130580071,1.9430446459825024e-05,10,False,False
RNG,9,0.6041486603284356,128,2,0.01853996898410788,0.35999601062921893,0.0004508691715819867,30,False,False
RNG,10,0.7210698689956332,256,1,0.01814561143882668,0.16461023460248825,3.36453760741461e-06,20,True,False
RNG,11,0.5,256,3,0.06898622670262278,0.4591554652229275,0.00031687916721615797,10,True,False
RNG,12,0.8050993949870354,128,1,0.0012223862519569041,0.3364558670383572,0.00010199577185889047,20,False,False
RNG,13,0.7670700086430423,128,1,0.0017299622246052563,0.26199290663725766,0.00010316345408353012,20,False,True
RNG,14,0.773471615720524,128,1,0.0017519041069919486,0.24748695970287138,9.595984251791922e-05,20,True,True
RNG,15,0.7713915298184961,128,1,0.0010881759275752627,0.27972031491422533,0.00012006379330471905,20,False,True
RNG,16,0.8029386343993086,128,1,0.0010308052641091337,0.3066104833331515,0.00014139566845141209,20,False,False
RNG,17,0.7852203975799481,128,2,0.0010558490064652508,0.2986898967795607,0.00015687141493214295,20,False,False
RNG,18,0.7994814174589455,128,2,0.004767365242785841,0.3217386238633214,0.00019368216633473871,20,False,False
RNG,19,0.8154710458081245,128,1,0.0011471291333540166,0.3937860090612206,1.6872258638735155e-05,20,False,False
RNG,20,0.7571305099394987,128,1,0.005043472815507299,0.396308290846337,1.0408364122103592e-05,30,False,False
RNG,21,0.7968885047536733,128,1,0.001963247231402298,0.19367340676785527,5.072020391212311e-05,10,False,False
RNG,22,0.7981849611063094,128,1,0.0019520216238160712,0.4056052471506303,5.1070188021089445e-05,10,False,False
RNG,23,0.7994814174589455,128,1,0.001831049343724768,0.40691156090807806,4.309730112402099e-05,20,False,False
RNG,24,0.7921348314606742,128,1,0.002433230304367899,0.40827724586256464,9.667129874451985e-06,20,False,False
RNG,25,0.7990492653414002,128,1,0.0010145183951394089,0.40598479490209105,1.447882405460195e-05,20,False,False
RNG,26,0.7865168539325843,128,1,0.0011699941831527065,0.4861600308009309,1.0183340285751615e-05,20,False,False
RNG,27,0.7929991356957649,128,1,0.003114227743134367,0.3319185649436248,1.104691383246665e-05,20,False,False
RNG,28,0.7990492653414002,128,1,0.0012958264190317604,0.34652566661819456,6.0860002561967775e-06,20,False,False
RNG,29,0.7640449438202247,128,1,0.009441922667121336,0.34108594665562403,0.0002731946896976865,20,False,False
RNG,30,0.702247191011236,128,2,0.009962694922334564,0.3723950242457687,0.00022567811601471554,30,False,False
RNG,31,0.6776145203111495,128,2,0.010813933028247935,0.374395220253509,0.00028055063505679265,20,False,False
RNG,32,0.797752808988764,128,2,0.0014050564171414338,0.386580934380612,6.807734525239694e-05,30,False,False
RNG,33,0.7843560933448573,128,2,0.0046102960425025204,0.31529817163362106,8.073516816277135e-05,20,False,False
RNG,34,0.7355229040622299,128,3,0.004278563759652773,0.314017806795807,2.8159059634633043e-05,20,False,False
RNG,35,0.7813310285220397,128,2,0.0015051528779576767,0.28739386154098423,0.0009586726271360054,20,False,False
RNG,36,0.7830596369922213,128,3,0.002445064448442957,0.22711259583803456,0.0001505305886365269,20,False,False
RNG,37,0.7791702679343129,128,3,0.0026282936122194673,0.28325753986346136,0.00015303320268608806,20,False,False
RNG,38,0.797752808988764,256,1,0.0025949438830597657,0.2449611638456386,0.0001703908808395947,20,False,False
RNG,39,0.7549126637554585,256,1,0.002536014434993222,0.26083031507224086,0.0001721388819462566,20,True,True
RNG,40,0.5,128,1,0.03334957552267644,0.43767428421505955,3.3181986868090515e-05,20,True,True
RNG,41,0.6719965427830596,256,3,0.007002772421594897,0.3247613528525378,0.00043992278732326624,20,False,False
RNG,42,0.6512532411408816,128,3,0.006367107385209823,0.3214832302071159,0.00043732765862434977,30,False,False
RNG,43,0.7925669835782195,128,1,0.0014089424223450286,0.3261775305322038,3.8400299600491305e-05,20,False,False
RNG,44,0.8042350907519447,128,1,0.0018559730063592787,0.3661512478353067,3.7268458296981734e-05,20,False,False
RNG,45,0.8003457216940363,128,1,0.0014699578370407744,0.3626607889599597,4.447329689401548e-05,20,False,False
RNG,46,0.7640449438202247,128,1,0.0033850018364774376,0.4276670795795733,6.221174634723052e-05,20,False,False
RNG,47,0.6041486603284356,128,1,0.09493596137628206,0.3656309976804323,2.0401198167646707e-05,10,False,False
RNG,48,0.5,128,1,0.09428716236104512,0.42725607078223704,2.3718335899676206e-05,10,True,False
RNG,49,0.7903930131004366,128,1,0.0015453169999924928,0.4464193428631808,6.608737408060814e-05,20,True,False
RNG,50,0.7641921397379913,128,1,0.0016083227198672694,0.356244471096178,2.097201274599615e-05,20,True,True
RNG,51,0.773552290406223,256,1,0.0012273186357473717,0.350360910512202,8.16538066978252e-05,20,False,True
RNG,52,0.7787381158167676,256,1,0.0011895487752724761,0.38250849250376423,5.8000144156256506e-06,20,False,True
RNG,53,0.7990492653414002,128,1,0.0010030314115139676,0.3016797676477882,9.668944719427569e-05,20,False,False
RNG,54,0.7917026793431288,128,1,0.0021267208043884355,0.30026554495642305,0.00011105776035939608,20,False,False
RNG,55,0.7783059636992221,128,2,0.002009269086782111,0.30147376262518943,0.00011397297261446923,20,False,False
RNG,56,0.7752808988764045,128,2,0.0020325022014751927,0.2944232790015405,1.4391852261318482e-05,20,False,False
RNG,57,0.7783059636992221,128,1,0.00400193467771656,0.27430782775027623,3.605506677296332e-05,20,False,False
RNG,58,0.7947277441659464,128,2,0.001891585168149858,0.34295182802881413,1.6142335642247654e-05,30,False,False
RNG,59,0.8007778738115817,128,1,0.0017166487587401192,0.33913807491684067,1.094119094284487e-06,30,False,False
RNG,60,0.8029386343993086,128,1,0.0012961340598700184,0.35876914390476883,0.0002261919847842177,30,False,False
RNG,61,0.7986171132238548,128,1,0.0012993007734848415,0.33717067952062435,4.8696343867173427e-05,30,False,False
RNG,62,0.8059636992221262,128,1,0.0013055206903037336,0.39126593571654544,1.2774933155338853e-06,30,False,False
RNG,63,0.7895419187554019,128,1,0.0013304502860205188,0.39233054930538114,1.2542844834054136e-06,30,False,False
RNG,64,0.8038029386343993,128,1,0.001245752416388577,0.10391581344716158,1.2089096369493236e-06,30,False,False
RNG,65,0.7925669835782195,128,1,0.0011596295504683553,0.39177591542484436,1.1170556529580073e-06,30,False,False
RNG,66,0.8076923076923077,128,1,0.0011234182955723708,0.1031214518895559,2.1849236900682406e-06,30,False,False
RNG,67,0.7964563526361279,128,1,0.0011209491574604047,0.11282456880556377,1.8808219403410631e-06,30,False,False
RNG,68,0.7955920484010371,128,1,0.0010729668782727356,0.10528919373973573,1.8458024769190397e-06,30,False,False
RNG,69,0.7925669835782195,128,1,0.0010101279588469886,0.10153155651918265,1.7738627265212348e-06,30,False,False
RNG,70,0.8003457216940363,128,1,0.0010286281341618565,0.14651696890178356,1.7717539340338372e-06,30,False,False
RNG,71,0.7968885047536733,128,1,0.0016947240187993933,0.14409786404326774,4.1948877148703615e-06,30,False,False
RNG,72,0.8063958513396715,128,1,0.0016491747999873092,0.13526550212051466,3.5988697965842927e-06,30,False,False
RNG,73,0.801210025929127,128,1,0.0016542122304499176,0.15502876342517607,2.817081858482507e-06,30,False,False
RNG,74,0.7951598962834918,128,1,0.0016035914238350785,0.14102384403186768,3.2187319765880125e-06,30,False,False
RNG,75,0.8089887640449438,128,1,0.0029336864035940167,0.12976648661887322,2.574529322116149e-06,30,False,False
RNG,76,0.8072601555747623,128,1,0.002946109651854134,0.12851128312428636,1.4196006766285648e-06,30,False,False
RNG,77,0.7856525496974935,128,1,0.0028917424956791645,0.12767115447710542,1.5178820433191079e-06,30,False,False
RNG,78,0.8025064822817631,128,1,0.002198246686651968,0.18419514678440502,2.544073663551893e-06,30,False,False
RNG,79,0.8016421780466725,128,1,0.002921623104082782,0.11981425263881107,2.327935310754343e-06,30,False,False
RNG,80,0.8085566119273985,256,1,0.002270117256077314,0.18194660261413087,2.3645311948612405e-06,30,False,False
RNG,81,0.7748487467588591,256,1,0.002950799154538382,0.12973899717525608,2.3197571991385255e-06,30,False,False
RNG,82,0.8062227074235808,256,1,0.0036217279678784505,0.17461554080191272,4.234853801489049e-06,30,True,False
RNG,83,0.7886776145203112,256,1,0.0022318873492748687,0.1318741000763105,5.6440208775280555e-06,30,False,False
RNG,84,0.8059636992221262,256,1,0.002231936374186702,0.1704534230735297,3.7868606803818333e-06,30,False,False
RNG,85,0.7898471615720524,256,1,0.0037113796279660484,0.17918659978823515,4.135534393569286e-06,30,True,False
RNG,86,0.8122270742358079,256,1,0.0014317986031961692,0.16447556782183767,4.027206438981336e-06,30,True,False
RNG,87,0.7816593886462883,256,1,0.0056674952258145995,0.16678377556779825,3.899548294582565e-06,30,True,False
RNG,88,0.7663755458515283,256,1,0.006201026465219343,0.1646519874973018,7.438614391556232e-06,30,True,False
RNG,89,0.7450873362445415,256,1,0.005595295453411182,0.2157369971009053,4.621694000341524e-06,30,True,True
RNG,90,0.709061135371179,256,1,0.0034677208979501267,0.22495852841192873,1.4327209549952693e-06,30,True,True
RNG,91,0.6457423580786026,256,1,0.027812287661281052,0.2082233417008923,4.850679009370848e-06,30,True,True
RNG,92,0.7794759825327511,256,1,0.014616275123388315,0.11671732630699899,4.589700121128817e-06,30,True,False
RNG,93,0.8029475982532751,256,1,0.0023774019283727527,0.17832400809635202,7.500103556243931e-06,30,True,False
RNG,94,0.8002183406113537,256,1,0.002261680280625546,0.17534648960617374,3.046626463609077e-06,30,True,False
RNG,95,0.8056768558951966,256,1,0.0014086057374902187,0.15539837363257433,3.2765830041129555e-06,30,True,False
RNG,96,0.8078602620087336,256,1,0.0014698576238284281,0.1541562269870029,3.389303554250091e-06,30,True,False
RNG,97,0.7838427947598253,256,1,0.002764143135351178,0.19558002381646283,2.0698068542256984e-06,10,True,False
RNG,98,0.8034934497816594,256,1,0.0014662198098997035,0.1529598189567689,2.2644873170296505e-06,10,True,False
RNG,99,0.8040393013100436,256,1,0.0018125022527656835,0.19319805979075,2.04582450977965e-06,10,True,False
MST,0,0.5,128,1,0.04344923400769063,0.3234351060564845,1.4952462584797809e-05,30,True,False
MST,1,0.7843560933448573,256,1,0.0028506896049326704,0.49154934011874973,2.076136004197888e-06,30,False,False
MST,2,0.5,128,3,0.007823451678649708,0.12355874988732247,4.190430084047534e-05,20,True,True
MST,3,0.6041486603284356,256,3,0.02349389870631828,0.14290169650367238,0.0001573441174972503,30,False,False
MST,4,0.5,128,3,0.015097159149724483,0.1920371484155201,0.0006841411362295943,10,True,False
MST,5,0.6041486603284356,128,2,0.008196159041355755,0.31400677758031637,0.000594818931434144,10,False,True
MST,6,0.7221261884183232,128,2,0.002191591043988771,0.3452531316756775,0.00081626799252436,10,False,True
MST,7,0.668971477960242,256,2,0.004636668551694084,0.40080063822300305,4.089022418719108e-05,30,False,True
MST,8,0.7847882454624028,256,1,0.00352518366420452,0.33940296118159696,3.646132351914638e-05,10,False,False
MST,9,0.7588591184096802,256,3,0.006990338592144803,0.1304870541682687,4.157933438307107e-06,10,False,False
MST,10,0.7489082969432315,256,2,0.0016126052150143833,0.42649987521086274,4.651632496160092e-05,20,True,True
MST,11,0.7008733624454149,256,1,0.012874186406971112,0.4012899276613222,0.0005076946006965528,20,True,False
MST,12,0.799913569576491,256,1,0.001175667094903573,0.2337693335484166,5.927723959959047e-06,10,False,False
MST,13,0.7947277441659464,256,1,0.0010014085697813999,0.48750974085115645,2.495394144445563e-06,10,False,False
MST,14,0.8215211754537597,256,1,0.0010537183739507967,0.25600880097389783,5.805954288699469e-06,10,False,False
MST,15,0.8003457216940363,256,1,0.0010431979586707997,0.2501474146260844,9.122467873315495e-06,10,False,False
MST,16,0.806828003457217,256,1,0.0010184920096111352,0.22452549040165687,1.0177953159082727e-06,10,False,False
MST,17,0.797752808988764,256,1,0.0011642282974105112,0.24723175351740853,8.929132048619013e-06,10,False,False
MST,18,0.6041486603284356,256,2,0.07979817102795744,0.26172990031724314,1.0489286506801859e-06,10,False,False
MST,19,0.6041486603284356,256,2,0.06012528441465557,0.2309846434329484,1.4679944039541287e-06,10,False,False
MST,20,0.8055315471045809,256,1,0.0017670622057920492,0.19071777640996312,1.4200018960899511e-06,10,False,False
MST,21,0.7731201382886776,256,2,0.0019834387447588975,0.19651423828113768,1.054259936783077e-06,20,False,False
MST,22,0.7878133102852204,256,1,0.0018979087568005832,0.17410514311515926,3.505663815380908e-06,20,False,False
MST,23,0.8128781331028522,256,1,0.0019120554080973233,0.1743692182430338,3.488897154956273e-06,10,False,False
MST,24,0.8003457216940363,256,1,0.0016690810885553837,0.19471484475948198,3.184022057893121e-06,10,False,False
MST,25,0.7986171132238548,256,1,0.004270652647053809,0.2857833420030125,2.144830453136392e-06,10,False,False
MST,26,0.7826274848746759,256,1,0.004083718064332278,0.2810224873890018,1.5392261375619737e-05,10,False,False
MST,27,0.7566983578219534,256,1,0.004726518253327273,0.2811422546708708,2.2339461951985563e-05,10,False,False
MST,28,0.7691048034934498,128,1,0.0025940492984197327,0.10015134356129085,1.5466037433517346e-05,10,True,True
MST,29,0.769650655021834,128,1,0.0027174363606185044,0.1635301627951476,7.415714011464124e-06,10,True,True
MST,30,0.7287117903930131,128,2,0.002678555414486707,0.15770357819775188,6.181120942002669e-06,30,True,True
MST,31,0.7898471615720524,128,2,0.0013986843074037857,0.16074030345643595,6.932497136243234e-06,30,True,False
MST,32,0.7834917891097667,256,2,0.0013804045705965143,0.2257422202316992,7.474145510710666e-05,30,False,False
MST,33,0.817199654278306,256,1,0.0013527580287532113,0.22031597573403422,1.6177852773371162e-06,10,False,False
MST,34,0.8055315471045809,256,1,0.0013842938772663034,0.21366233844522461,1.6715727568738236e-06,10,False,False
MST,35,0.8059636992221262,256,1,0.0015579951171711902,0.20830117442237706,1.5389568412230696e-06,10,False,False
MST,36,0.8210890233362144,256,1,0.0014629872013794927,0.20452109109261685,1.7777688132376482e-06,10,False,False
MST,37,0.6041486603284356,256,1,0.03722580599048106,0.20841510429034543,2.823879357487057e-06,10,False,False
MST,38,0.7636127917026794,256,1,0.006136469172853294,0.2642272609898274,4.609088037081919e-06,10,False,False
MST,39,,256,1,0.00629617738398413,0.3147313477663325,4.668038790859405e-06,10,False,False
MST,40,,256,1,0.003304327228277179,0.132173998774473,2.2405065387796703e-06,20,False,False
MST,41,,256,1,0.003309724222869629,0.31795331017231715,2.0971824332772226e-06,20,False,False
MST,42,0.8163353500432152,256,1,0.002278712861513472,0.33132304011035657,1.0734542220223356e-05,20,False,False
MST,43,0.7765773552290406,256,1,0.00331103870788584,0.31307055211985274,2.312942127863791e-06,20,False,False
MST,44,0.801210025929127,256,1,0.0023500640033873752,0.1224903669907558,1.1979642382194328e-05,20,False,False
MST,45,0.6041486603284356,128,3,0.024212311404127274,0.181923303391342,2.1285606844481418e-06,30,False,False
MST,46,0.7865168539325843,256,1,0.0033981319935907158,0.32713271654277554,4.788100573325008e-06,20,False,False
MST,47,0.7955920484010371,256,1,0.0021147683225939515,0.32625495006242616,4.650441022715314e-06,20,False,False
MST,48,0.7973206568712187,256,1,0.002096610615398162,0.34257954767529925,4.676672044528639e-06,20,False,False
MST,49,0.8050993949870354,256,1,0.0032970793685677116,0.3584438115599257,2.1879177118109677e-05,20,False,False
MST,50,0.7986171132238548,256,1,0.0013049516596666372,0.2999165605949117,2.0314750797468283e-05,20,False,True
MST,51,0.7601555747623163,256,1,0.001281293159104676,0.3833512476128935,3.326961624506859e-06,10,False,True
MST,52,0.7852203975799481,256,1,0.0013037096734942206,0.14194720417496887,1.0282810815479388e-05,10,False,True
MST,53,0.6780466724286949,256,1,0.011154138378709723,0.381835952874965,1.1015316176884411e-05,10,False,False
MST,54,0.7963973799126638,256,1,0.010208450916645583,0.133525416858724,1.0424985957936001e-05,10,True,False
MST,55,0.7805676855895196,256,1,0.006175959555543981,0.24830644890155404,0.00030205184912387604,10,True,False
MST,56,0.7960242005185826,256,1,0.0010289992230554153,0.23866699449959716,1.0386588961104384e-06,10,False,False
MST,57,0.8094209161624892,256,1,0.001073502670407927,0.2442027195635462,1.1541996303039993e-06,10,False,False
MST,58,0.8094209161624892,256,1,0.0010534253247848585,0.228138021429749,1.117556681221609e-06,10,False,False
MST,59,0.797752808988764,256,1,0.0017322967765687018,0.2210644777456932,1.7276001047365592e-06,10,False,False
MST,60,0.8120138288677614,256,1,0.0016870515650376484,0.26195231289999416,1.6706700750408854e-06,10,False,False
MST,61,0.8072601555747623,256,1,0.001623920243623085,0.262262546004879,1.7294906803271072e-06,10,False,False
MST,62,0.7865168539325843,256,2,0.0016436428336517761,0.2685550637090778,2.731231857409534e-06,10,False,False
MST,63,0.7817631806395852,256,2,0.0022584571830783643,0.2951160211183131,2.873611229829184e-06,10,False,False
MST,64,0.8115816767502161,128,1,0.0011776491691720525,0.3004436080663817,3.7580065887811774e-06,30,False,False
MST,65,0.7843560933448573,128,2,0.0023556097402158416,0.29909661987549596,3.8524973025803486e-06,30,False,False
MST,66,0.8184961106309421,256,1,0.001178472411073866,0.17481627262265229,1.3528991886268914e-06,10,False,False
MST,67,0.7968885047536733,128,1,0.0011770780641889701,0.3095910488078943,5.63985364587423e-06,30,False,False
MST,68,0.8003457216940363,128,1,0.001939400359911645,0.3146895716391716,7.637425588449937e-06,30,False,False
MST,69,0.8050993949870354,256,1,0.0015226508846357596,0.1833833278503455,1.9771644740663515e-06,10,False,False
MST,70,0.7994814174589455,256,1,0.001819016928312111,0.18181542606980838,1.3910478772400807e-06,10,False,False
MST,71,0.8059636992221262,256,1,0.001470728121305805,0.1702335279412871,1.4220648168840567e-06,10,False,False
MST,72,0.8042350907519447,256,1,0.0029308287984682008,0.1994738790140813,1.3256444386007286e-06,10,False,False
MST,73,0.7705272255834054,256,3,0.0014651092029306016,0.20164353927025794,1.3115726437023384e-06,10,False,False
MST,74,0.7294727744165946,256,1,0.0173287793953695,0.20433760883167823,2.333515598752397e-06,10,False,False
MST,75,0.8155021834061136,256,1,0.0012278556713736734,0.4437256045744198,2.4186784461158387e-06,10,True,False
MST,76,0.8055315471045809,128,1,0.00117670316884369,0.273969597820622,2.404127267339896e-06,30,False,False
MST,77,0.7951598962834918,128,1,0.0011742458328560493,0.2779860348487757,3.719540486657609e-06,30,False,False
MST,78,0.8078602620087336,256,1,0.0012370021181917967,0.15211982057120732,1.8460990432092083e-06,10,True,False
MST,79,0.7996724890829694,256,1,0.0018664789317054617,0.48440567584782235,1.763920977985501e-06,10,True,False
MST,80,0.8073144104803494,256,1,0.001821948915718552,0.494380750659184,3.460237905393339e-06,10,True,False
MST,81,0.7893013100436681,256,1,0.0019777894572477884,0.49736419561331585,3.0846362052745878e-06,10,True,False
MST,82,0.8045851528384279,256,1,0.0014963399847186505,0.45391445633643085,5.788052567808627e-06,10,True,False
MST,83,0.740174672489083,256,1,0.002433567991076983,0.45997264018883766,5.555765969484854e-06,20,True,True
MST,84,0.7723799126637555,256,1,0.0014076198990307426,0.44658031459713565,5.17499192094362e-06,20,True,True
MST,85,0.7914847161572053,256,1,0.0010109333356719858,0.4417305828495123,2.5572383313833575e-06,20,True,False
MST,86,0.8146067415730337,128,1,0.0013405857112427004,0.25731821351702,2.0477101526399883e-06,20,False,False
MST,87,0.8003457216940363,128,1,0.0010910049717665342,0.21758415296075173,4.173740538561071e-06,30,False,False
MST,88,0.801210025929127,128,1,0.0011439956212580843,0.41576581400747314,2.038395536900306e-06,30,False,False
MST,89,0.7847882454624028,128,1,0.0012823798804243774,0.2351882628064039,8.23922536817149e-06,10,False,False
MST,90,0.7856525496974935,256,1,0.001293870361089884,0.2531765849785641,5.650760781645668e-05,20,False,False
MST,91,0.8159031979256698,256,1,0.0029466154139166693,0.2548061840126298,1.2352078161134438e-06,20,False,False
MST,92,0.7938634399308556,256,1,0.002974713866458304,0.25679885193847946,1.2577927052788362e-06,20,False,False
MST,93,0.7726879861711322,256,3,0.0016940178730812877,0.25426704381617565,1.2229069851390218e-06,20,False,False
MST,94,0.799913569576491,256,1,0.001611319534409817,0.19115445508493747,1.5920972211255717e-06,20,False,False
MST,95,0.7964563526361279,256,1,0.002116477117270107,0.19269812174347062,2.066100764561583e-06,20,False,False
MST,96,0.7796024200518582,256,1,0.0038333633083090872,0.19041465536644933,1.6615285728390274e-06,20,False,False
MST,97,0.7830596369922213,256,1,0.004091746185627182,0.28526344981190804,1.4782248297491094e-06,20,False,False
MST,98,0.7917026793431288,256,1,0.0015825977594056298,0.3539648219981052,3.141397823068065e-05,20,False,False
MST,99,0.7942955920484011,256,1,0.0024583560813095104,0.21680405410517747,0.00010537218667155089,20,False,False
MST,100,0.7934312878133103,256,1,0.002177922906569947,0.2426104876489261,3.100252769480062e-05,10,False,False
MST,101,0.8072601555747623,256,1,0.001433969838916505,0.35367388593572746,1.007449163805172e-06,10,False,False
MST,102,0.7994814174589455,256,1,0.0013829000567211305,0.2298856564822346,1.008636349741372e-06,10,False,False
