modelo,n_sementes,dif_media,dif_mediana,ref_vence,p_wilcoxon,p_holm
DeepSets-tuned,29,-0.00173,-0.00327,10,0.13159,0.52636
SAGE-DELAUNAY,29,0.00038,-0.00060,14,0.86473,1.00000
SAGE-QB-CLOSEST,29,0.00069,0.00110,15,0.52213,1.00000
SAGE-CLOSEST,29,0.00132,0.00116,17,0.24703,0.74108
SAGE-GABRIEL,29,0.00329,0.00228,21,0.01294,0.06472
SAGE-MST,29,0.00381,0.00491,21,0.00351,0.02106
DeepSets-matched,29,0.01801,0.01813,29,0.00000,0.00000
GCN-RNG,29,0.02193,0.02140,29,0.00000,0.00000
GCN-MST,29,0.02278,0.02153,29,0.00000,0.00000
GCN-GABRIEL,29,0.02286,0.02346,29,0.00000,0.00000
GCN-QB-CLOSEST,29,0.02286,0.02344,29,0.00000,0.00000
MLP-concat_team_role-tuned,29,0.02486,0.02392,29,0.00000,0.00000
GCN-CLOSEST,29,0.02547,0.02426,29,0.00000,0.00000
GCN-DELAUNAY,29,0.02589,0.02450,29,0.00000,0.00000
RF-concat_team_role-tuned,29,0.03316,0.03331,29,0.00000,0.00000
MLP-concat_xy-tuned,29,0.05028,0.04888,29,0.00000,0.00000
MLP-concat_team_y-tuned,29,0.05113,0.05054,29,0.00000,0.00000
MLP-stats_team-tuned,29,0.05130,0.05050,29,0.00000,0.00000
RF-stats_team-tuned,29,0.05330,0.05362,29,0.00000,0.00000
RF-concat_xy-tuned,29,0.06231,0.06002,29,0.00000,0.00000
RF-concat_team_y-tuned,29,0.08186,0.08001,29,0.00000,0.00000
MLP-stats-tuned,29,0.09011,0.09050,29,0.00000,0.00000
RF-stats-tuned,29,0.09932,0.09936,29,0.00000,0.00000
MLP-mean-tuned,29,0.10585,0.10995,29,0.00000,0.00000
RF-mean-default,29,0.11050,0.11094,29,0.00000,0.00000
RF-mean-tuned,29,0.11068,0.11166,29,0.00000,0.00000
RF-concat_raw-tuned,29,0.11370,0.11177,29,0.00000,0.00000
MLP-concat_raw-tuned,29,0.14552,0.14501,29,0.00000,0.00000
MLP-mean-default,29,0.16483,0.16571,29,0.00000,0.00000
