strategy,trial,accuracy,hidden_channels,hidden_layers,learning_rate,warmup_epochs,down_sample,qb_link
CLOSEST-,0,0.5,256,2,0.019550373818782146,10,True,True
CLOSEST-,1,0.6839519650655022,256,1,0.0010405545606523962,30,True,False
CLOSEST-,2,0.6041486603284356,128,2,0.03860802129326132,30,False,False
CLOSEST-,3,0.6041486603284356,128,1,0.0866336606348169,10,False,False
CLOSEST-,4,0.6041486603284356,256,1,0.017179265611646087,10,False,True
CLOSEST-,5,0.6041486603284356,256,1,0.06429978597246903,20,False,False
CLOSEST-,6,0.6041486603284356,128,1,0.027813272493219198,20,False,False
CLOSEST-,7,0.6041486603284356,128,2,0.008702691664834753,10,False,False
CLOSEST-,8,0.6041486603284356,256,2,0.03867849935375128,20,False,False
CLOSEST-,9,0.6041486603284356,128,1,0.016643168180042384,30,False,True
CLOSEST-,10,0.6041486603284356,128,1,0.02989083085865481,10,False,True
CLOSEST-,11,0.7052401746724891,256,1,0.0010859620928180878,30,True,True
CLOSEST-,12,0.5283842794759825,256,2,0.0010573422503357378,30,True,False
CLOSEST-,13,0.5,128,2,0.003371001058962301,30,True,False
CLOSEST-,14,0.7096069868995634,256,1,0.0010483773538661556,30,True,True
CLOSEST-,15,0.6959606986899564,256,1,0.0010536903138922008,30,True,True
CLOSEST-,16,0.6915938864628821,256,1,0.0024906711682205285,30,True,True
CLOSEST-,17,0.7134279475982532,256,1,0.0024069279702554187,30,True,True
CLOSEST-,18,0.6975982532751092,256,1,0.0024061040421648125,30,True,True
CLOSEST-,19,0.6610262008733624,256,1,0.002967511026325341,30,True,True
CLOSEST-,20,0.6604803493449781,256,1,0.00579279516724072,30,True,True
CLOSEST-,21,0.652292576419214,256,1,0.006057966392070923,20,True,True
CLOSEST-,22,0.7106986899563319,256,1,0.0016588301301622482,30,True,True
CLOSEST-,23,0.7041484716157205,256,1,0.001530455332369988,30,True,True
CLOSEST-,24,0.6653930131004366,256,1,0.001703556204533949,30,True,True
CLOSEST-,25,0.6812227074235808,256,1,0.001805553590518707,30,True,True
CLOSEST-,26,0.6550218340611353,256,1,0.0045964764656387215,30,True,True
CLOSEST-,27,0.6828602620087336,256,1,0.004178393144257043,30,True,True
CLOSEST-,28,0.6697598253275109,256,1,0.003944735954738139,30,True,True
CLOSEST-,29,0.6533842794759825,256,1,0.001731316915717903,20,True,True
CLOSEST-,30,0.517467248908297,256,2,0.001437365588180757,30,True,True
CLOSEST-,31,0.5,256,2,0.00872903375972801,10,True,True
CLOSEST-,32,0.6779475982532751,256,1,0.0021347613934835866,30,True,True
CLOSEST-,33,0.6894104803493449,256,1,0.0013287811536983937,30,True,True
CLOSEST-,34,0.7085152838427947,256,1,0.0012700780508166948,30,True,True
CLOSEST-,35,0.7014192139737991,256,1,0.001205413320982244,30,True,True
CLOSEST-,36,0.6910480349344978,256,1,0.0021218067270396667,30,True,True
CLOSEST-,37,0.6555676855895196,256,1,0.002042327710657302,30,True,True
CLOSEST-,38,0.6566593886462883,256,1,0.0030784286768023575,10,True,True
CLOSEST-,39,0.6752183406113537,128,1,0.0030327457321847958,10,True,True
CLOSEST-,40,0.5010917030567685,128,1,0.01276604281064985,20,True,False
CLOSEST-,41,0.72990492653414,128,1,0.0014031660950971922,30,False,True
CLOSEST-,42,0.7036026200873362,256,1,0.001237345564203128,30,True,True
CLOSEST-,43,0.7104580812445981,128,1,0.0013664434938421208,30,False,True
CLOSEST-,44,0.6970613656006914,128,1,0.0014521903969040733,30,False,True
CLOSEST-,45,0.6823681936041487,128,1,0.002530615002016709,30,False,True
CLOSEST-,46,0.6568712186689715,128,1,0.002579349298928875,30,False,False
CLOSEST-,47,0.7191011235955056,128,1,0.0010013391846367327,30,False,True
CLOSEST-,48,0.6771823681936041,128,1,0.0018152469350652728,20,False,True
CLOSEST-,49,0.6853932584269663,128,1,0.0010098291932583167,30,False,False
CLOSEST-,50,0.6041486603284356,128,1,0.09372644716563092,30,False,False
CLOSEST-,51,0.5993949870354365,128,2,0.0010407628599563169,10,False,True
CLOSEST-,52,0.6983578219533275,128,1,0.0015447416737703946,30,False,True
CLOSEST-,53,0.6940363007778738,128,1,0.0015984935669968977,30,False,True
CLOSEST-,54,0.7199654278305964,128,1,0.0012565470794107618,30,False,True
CLOSEST-,55,0.7048401037165082,128,1,0.0012333662578526085,30,False,True
CLOSEST-,56,0.6949006050129646,128,1,0.0018987779855562164,30,False,True
CLOSEST-,57,0.7082973206568712,128,1,0.0020073540841800542,30,False,True
CLOSEST-,58,0.6041486603284356,128,1,0.06411296768896393,30,False,True
CLOSEST-,59,0.6041486603284356,128,1,0.07134908256747957,30,False,True
CLOSEST-,60,0.7035436473638721,128,1,0.001422805839362594,20,False,True
CLOSEST-,61,0.6041486603284356,128,1,0.006200039038222538,20,False,True
CLOSEST-,62,0.7117545375972342,128,1,0.0011543759503952504,30,False,True
CLOSEST-,63,0.6754537597234227,128,1,0.0011765711506680815,30,False,True
CLOSEST-,64,0.7277441659464131,128,1,0.0010061232245973046,30,False,True
CLOSEST-,65,0.6793431287813311,128,1,0.0022878816003145965,30,False,True
CLOSEST-,66,0.7052722558340536,128,1,0.001625152003839946,30,False,True
CLOSEST-,67,0.7186689714779603,128,1,0.0010237776484963751,30,False,True
CLOSEST-,68,0.719533275713051,128,1,0.0011072463363074401,30,False,True
CLOSEST-,69,0.7104580812445981,128,1,0.0010037247902624524,30,False,True
CLOSEST-,70,0.6041486603284356,128,1,0.02058326346415692,30,False,True
CLOSEST-,71,0.7031114952463267,128,1,0.001022949735707031,10,False,False
CLOSEST-,72,0.7225583405358686,128,1,0.0011901982624081399,30,False,True
CLOSEST-,73,0.7152117545375972,128,1,0.0011610749886694363,30,False,True
CLOSEST-,74,0.7165082108902333,128,1,0.0013474216251078343,30,False,True
CLOSEST-,75,0.7208297320656871,128,1,0.001325797177343036,30,False,True
CLOSEST-,76,0.7251512532411409,128,1,0.0013715403656269247,30,False,True
CLOSEST-,77,0.7113223854796888,128,1,0.0013400412776848243,30,False,True
CLOSEST-,78,0.7143474503025065,128,1,0.0013313112937311147,30,False,True
CLOSEST-,79,0.7156439066551427,128,1,0.0017609573866081325,30,False,True
CLOSEST-,80,0.6019878997407088,128,2,0.0016880237376565752,30,False,True
CLOSEST-,81,0.6970613656006914,128,1,0.0011817015353837526,30,False,True
CLOSEST-,82,0.7277441659464131,128,1,0.001188417410732937,30,False,True
CLOSEST-,83,0.700086430423509,128,1,0.0011260812981920155,30,False,True
CLOSEST-,84,0.7065687121866897,128,1,0.001502461471417974,30,False,True
CLOSEST-,85,0.6771823681936041,128,1,0.0015217778276143763,30,False,True
CLOSEST-,86,0.7134831460674157,128,1,0.0015104531942050413,30,False,True
CLOSEST-,87,0.709161624891962,128,1,0.0012565615067241112,30,False,True
CLOSEST-,88,0.7182368193604148,128,1,0.001289853636497502,10,False,True
CLOSEST-,89,0.6992221261884183,128,1,0.0019398828650283246,10,False,False
CLOSEST-,90,0.7013828867761452,128,1,0.0019824542140614407,30,False,False
CLOSEST-,91,0.7048401037165082,128,1,0.002211704120662857,30,False,True
CLOSEST-,92,0.7277441659464131,128,1,0.0010004740416409857,30,False,True
CLOSEST-,93,0.7203975799481418,128,1,0.0010899690312030125,30,False,True
CLOSEST-,94,0.7065687121866897,128,1,0.0011147624306018706,30,False,True
CLOSEST-,95,0.7156439066551427,128,1,0.0011015121518186109,30,False,True
CLOSEST-,96,0.7095937770095073,128,1,0.0011170428195447662,30,False,True
CLOSEST-,97,0.6940363007778738,128,1,0.0013902032509102934,30,False,True
CLOSEST-,98,0.7113223854796888,128,1,0.0012990858172894073,30,False,True
CLOSEST-,99,0.7074330164217805,128,1,0.0016737224434460452,20,False,True
CLOSEST-,100,0.6940363007778738,128,1,0.0017395863247181892,20,False,True
CLOSEST-,101,0.7126188418323249,128,1,0.0014458048541780048,30,False,True
CLOSEST-,102,0.7061365600691444,128,1,0.0010058903134535155,30,False,True
CLOSEST-,103,0.709161624891962,128,1,0.0010085009664921828,30,False,True
CLOSEST-,104,0.7143474503025065,128,1,0.0011681047124967442,30,False,True
CLOSEST-,105,0.7044079515989629,128,1,0.0012164649636334872,30,False,True
CLOSEST-,106,0.6961970613656007,128,1,0.001232212944503177,30,False,True
CLOSEST-,107,0.7074330164217805,128,1,0.0014211573110215069,30,False,True
CLOSEST-,108,0.7221261884183232,128,1,0.0014208342762212166,30,False,True
CLOSEST-,109,0.7212618841832324,128,1,0.0015787194353158547,30,False,True
CLOSEST-,110,0.6905790838375108,128,1,0.002815201605887515,30,False,True
CLOSEST-,111,0.6633535004321521,128,1,0.0028153594467160087,30,False,True
CLOSEST-,112,0.7113223854796888,128,1,0.0015436214866576684,30,False,True
CLOSEST-,113,0.7005185825410545,128,1,0.0015291834499016658,30,False,True
CLOSEST-,114,0.6041486603284356,128,1,0.011518492705307928,30,False,True
CLOSEST-,115,0.6923076923076923,128,1,0.0018086228800372004,30,False,True
CLOSEST-,116,0.6927398444252377,128,1,0.0018259529999897115,30,False,True
CLOSEST-,117,0.7260155574762316,128,1,0.0011157832322109546,30,False,True
CLOSEST-,118,0.6041486603284356,128,2,0.03518261405958922,30,False,True
CLOSEST-,119,0.7126188418323249,128,1,0.0011054534782974097,30,False,True
CLOSEST-,120,0.6996542783059637,128,1,0.0013122488268758241,30,False,True
CLOSEST-,121,0.7087294727744166,128,1,0.001342574952136098,30,False,True
CLOSEST-,122,0.7026793431287813,128,1,0.0011058001707910233,30,False,True
CLOSEST-,123,0.6888504753673294,128,1,0.0011987387708304535,30,False,True
CLOSEST-,124,0.7074330164217805,128,1,0.0011833820141978577,30,False,True
CLOSEST-,125,0.7061365600691444,128,1,0.0016282906655917103,30,False,True
CLOSEST-,126,0.7070008643042351,128,1,0.0016480603129962466,30,False,False
CLOSEST-,127,0.698789974070873,128,1,0.0014110433508315193,30,False,False
CLOSEST-,128,0.6547104580812446,128,1,0.006817682842129285,30,False,True
CLOSEST-,129,0.6041486603284356,128,1,0.006980453786519042,10,False,True
CLOSEST-,130,0.719533275713051,128,1,0.0010906845866041285,10,False,True
CLOSEST-,131,0.7121866897147796,128,1,0.0010975727188531508,30,False,True
CLOSEST-,132,0.7169403630077787,128,1,0.001013255383389915,30,False,True
CLOSEST-,133,0.7121866897147796,128,1,0.00122365612306356,10,False,True
CLOSEST-,134,0.7143474503025065,128,1,0.0010023392964040323,30,False,True
CLOSEST-,135,0.7182368193604148,128,1,0.0013037746689257045,10,False,True
CLOSEST-,136,0.7139152981849611,128,1,0.001437004557238191,10,False,True
CLOSEST-,137,0.7074330164217805,128,1,0.0014317360753780296,10,False,True
CLOSEST-,138,0.7208297320656871,128,1,0.0011080701367880577,10,False,True
CLOSEST-,139,0.6927398444252377,128,1,0.0011066467479347688,20,False,True
CLOSEST-,140,0.7139152981849611,128,1,0.0012651448307308738,20,False,True
CLOSEST-,141,0.6974935177182369,128,1,0.0012566814174584985,30,False,True
CLOSEST-,142,0.7108902333621435,128,1,0.001108887591701442,10,False,True
CLOSEST-,143,0.7286084701815039,128,1,0.0011124258436416843,10,False,True
CLOSEST-,144,0.7057044079515989,128,1,0.0011406566559960106,10,False,True
CLOSEST-,145,0.7005185825410545,128,1,0.001349022118938443,10,False,True
CLOSEST-,146,0.6430423509075195,128,1,0.003679984439561742,10,False,True
CLOSEST-,147,0.7095937770095073,128,1,0.0014787734316769514,10,False,True
CLOSEST-,148,0.7044079515989629,128,1,0.0015215065800129486,30,False,True
CLOSEST-,149,0.7173725151253241,128,1,0.0015854386398152392,30,False,True
CLOSEST-,150,0.6823681936041487,128,1,0.004851181549811033,30,False,True
CLOSEST-,151,0.7078651685393258,128,1,0.0012174383079724472,30,False,True
CLOSEST-,152,0.7147796024200519,128,1,0.0011005175940828544,10,False,True
CLOSEST-,153,0.7221261884183232,128,1,0.001068900654276773,10,False,True
CLOSEST-,154,0.6041486603284356,128,1,0.02096167540722937,10,False,True
CLOSEST-,155,0.7143474503025065,128,1,0.0012942940528273422,10,False,True
CLOSEST-,156,0.6983578219533275,128,1,0.0013078460864070765,10,False,True
CLOSEST-,157,0.6983578219533275,128,1,0.0012131526551356273,30,False,True
CLOSEST-,158,0.7134831460674157,128,1,0.0010063406236924723,30,False,True
CLOSEST-,159,0.702247191011236,128,1,0.0011722813839738797,30,False,True
CLOSEST-,160,0.6045808124459809,128,2,0.0011750881959378672,30,False,True
CLOSEST-,161,0.7065687121866897,128,1,0.0013765043160134463,30,False,True
CLOSEST-,162,0.7234226447709594,128,1,0.0010439295340394597,10,False,True
CLOSEST-,163,0.7048401037165082,128,1,0.0010736388984939605,10,False,True
CLOSEST-,164,0.7035436473638721,128,1,0.0010049644546885057,10,False,True
CLOSEST-,165,0.7078651685393258,128,1,0.0010782902863032441,10,False,True
CLOSEST-,166,0.7368193604148661,128,1,0.0010967204291797324,10,False,True
CLOSEST-,167,0.6979256698357822,128,1,0.0013758385735549077,10,False,True
CLOSEST-,168,0.6849611063094209,128,1,0.0013715248171506207,10,False,True
CLOSEST-,169,0.7026793431287813,128,1,0.0012382904662541431,10,False,True
CLOSEST-,170,0.7139152981849611,128,1,0.001191770964298998,10,False,True
CLOSEST-,171,0.7199654278305964,128,1,0.001171878247079898,10,False,False
CLOSEST-,172,0.7251512532411409,128,1,0.0010046709741307633,10,False,True
CLOSEST-,173,0.7113223854796888,128,1,0.001006037856112783,10,False,False
CLOSEST-,174,0.7208297320656871,128,1,0.001003630572611547,10,False,True
CLOSEST-,175,0.7178046672428695,128,1,0.0010870855591658703,10,False,True
CLOSEST-,176,0.6041486603284356,128,1,0.05226685783110939,10,False,True
CLOSEST-,177,0.7074330164217805,128,1,0.0010678267476351983,10,False,True
CLOSEST-,178,0.7095937770095073,128,1,0.00100771958889982,10,False,True
CLOSEST-,179,0.7087294727744166,256,1,0.0010165061489816065,10,False,True
CLOSEST-,180,0.7126188418323249,256,1,0.0012772015180406075,10,False,True
CLOSEST-,181,0.6836646499567848,128,1,0.0012797811542795878,10,False,True
CLOSEST-,182,0.7203975799481418,128,1,0.0011415461026123453,10,False,True
CLOSEST-,183,0.7234226447709594,128,1,0.0011291096448645189,10,False,True
CLOSEST-,184,0.6983578219533275,128,1,0.0011386118794062456,10,False,True
CLOSEST-,185,0.7143474503025065,128,1,0.0011417430685835258,10,False,True
CLOSEST-,186,0.6996542783059637,128,1,0.001463074876116331,10,False,True
CLOSEST-,187,0.7044079515989629,128,1,0.0014513815057587425,10,False,True
CLOSEST-,188,0.7057044079515989,128,1,0.0012379868103717304,10,False,True
CLOSEST-,189,0.7178046672428695,128,1,0.0010013482361803578,10,False,True
CLOSEST-,190,0.7035436473638721,128,1,0.0010930173659593966,10,False,True
CLOSEST-,191,0.7008733624454149,128,1,0.0011020665748039584,10,True,True
CLOSEST-,192,0.7208297320656871,128,1,0.0011629798914807245,10,False,True
CLOSEST-,193,0.7130509939498704,128,1,0.0011957261251411167,10,False,True
CLOSEST-,194,0.7165082108902333,128,1,0.0013200291505362216,10,False,True
CLOSEST-,195,0.7087294727744166,128,1,0.0013340539916756426,10,False,True
CLOSEST-,196,0.7039757994814174,128,1,0.0015983144188174343,10,False,True
CLOSEST-,197,0.7048401037165082,128,1,0.0016302352588767053,20,False,True
CLOSEST-,198,0.7203975799481418,128,1,0.001193773831715228,20,False,True
CLOSEST-,199,0.7009507346585998,128,1,0.0010029972147157847,30,False,True
QB-CLOSEST-,0,0.49945414847161573,128,1,0.00755435535314361,20,True,True
QB-CLOSEST-,1,0.6041486603284356,128,2,0.02356621929208995,10,False,True
QB-CLOSEST-,2,0.5,128,2,0.08810836004195824,20,True,True
QB-CLOSEST-,3,0.5,128,1,0.02621848070119332,30,True,True
QB-CLOSEST-,4,0.6041486603284356,256,2,0.011329697798712774,10,False,False
QB-CLOSEST-,5,0.6041486603284356,128,2,0.051161036577780726,20,False,True
QB-CLOSEST-,6,0.5,256,2,0.004746037951268561,20,True,True
QB-CLOSEST-,7,0.5,128,1,0.020545555002870475,20,True,False
QB-CLOSEST-,8,0.6041486603284356,256,2,0.005474992908772481,30,False,True
QB-CLOSEST-,9,0.6041486603284356,128,1,0.008588194340084253,10,False,False
QB-CLOSEST-,10,0.5,128,2,0.0026313419399170853,10,True,False
QB-CLOSEST-,11,0.6041486603284356,256,2,0.0018307006825638624,10,False,False
QB-CLOSEST-,12,0.6037165082108902,256,2,0.0010720589191097684,10,False,False
QB-CLOSEST-,13,0.6041486603284356,256,2,0.017550366169398146,10,False,False
QB-CLOSEST-,14,0.6041486603284356,256,2,0.019234816588982153,10,False,False
QB-CLOSEST-,15,0.6041486603284356,256,2,0.038350859682056454,10,False,True
QB-CLOSEST-,16,0.6041486603284356,256,2,0.03288748175284062,10,False,True
QB-CLOSEST-,17,0.6041486603284356,128,2,0.012711614944364652,10,False,True
QB-CLOSEST-,18,0.6041486603284356,128,1,0.01276599826030909,30,False,False
QB-CLOSEST-,19,0.6041486603284356,128,1,0.06806943730195018,30,False,False
QB-CLOSEST-,20,0.6041486603284356,256,2,0.06822993818326673,10,False,False
QB-CLOSEST-,21,0.6041486603284356,256,2,0.0028501793239247243,10,False,False
QB-CLOSEST-,22,0.6041486603284356,128,2,0.04807828901609195,20,False,True
QB-CLOSEST-,23,0.6041486603284356,128,2,0.04259212970545943,20,False,True
QB-CLOSEST-,24,0.6041486603284356,128,2,0.04630663198527526,20,False,True
QB-CLOSEST-,25,0.6041486603284356,128,2,0.02714574683638509,20,False,True
QB-CLOSEST-,26,0.6041486603284356,128,2,0.02793100758983385,20,False,True
QB-CLOSEST-,27,0.6041486603284356,128,2,0.012439460678413145,10,False,True
QB-CLOSEST-,28,0.6041486603284356,128,2,0.012246841020710577,10,False,True
QB-CLOSEST-,29,0.6041486603284356,256,2,0.09889147080744233,30,False,True
QB-CLOSEST-,30,0.6337336244541485,256,1,0.005719178505960063,30,True,True
QB-CLOSEST-,31,0.5338427947598253,128,1,0.006400811775792898,20,True,True
QB-CLOSEST-,32,0.6041486603284356,256,2,0.005027215713292411,30,False,True
QB-CLOSEST-,33,0.6708515283842795,256,1,0.003804260320703568,30,True,True
QB-CLOSEST-,34,0.6244541484716157,256,1,0.008389067456406905,30,True,True
QB-CLOSEST-,35,0.6768558951965066,256,1,0.0029996202861634464,30,True,True
QB-CLOSEST-,36,0.6561135371179039,256,1,0.0035976637195242957,30,True,True
QB-CLOSEST-,37,0.6752183406113537,256,1,0.0036919021570209166,30,True,True
QB-CLOSEST-,38,0.6839519650655022,256,1,0.0034117561914255253,30,True,True
QB-CLOSEST-,39,0.6588427947598253,256,1,0.003969538240607171,30,True,True
QB-CLOSEST-,40,0.7030567685589519,256,1,0.0016368676204164994,30,True,True
QB-CLOSEST-,41,0.6910480349344978,256,1,0.0017634457024198438,30,True,True
QB-CLOSEST-,42,0.6795851528384279,256,1,0.001778735951191494,30,True,True
QB-CLOSEST-,43,0.7079694323144105,256,1,0.001660736374839286,30,True,True
QB-CLOSEST-,44,0.6844978165938864,256,1,0.0015573015656977212,30,True,True
QB-CLOSEST-,45,0.6872270742358079,256,1,0.00164190524066321,30,True,True
QB-CLOSEST-,46,0.7221615720524017,256,1,0.0010731235412562907,30,True,True
QB-CLOSEST-,47,0.7019650655021834,256,1,0.0010752757175939676,30,True,True
QB-CLOSEST-,48,0.7074235807860262,256,1,0.001194174705134487,30,True,True
QB-CLOSEST-,49,0.7074235807860262,256,1,0.0010229922770613395,30,True,True
QB-CLOSEST-,50,0.7041484716157205,256,1,0.0010245051662853347,30,True,True
QB-CLOSEST-,51,0.6899563318777293,256,1,0.001243864134217115,30,True,True
QB-CLOSEST-,52,0.6970524017467249,256,1,0.001280152495068223,30,True,True
QB-CLOSEST-,53,0.6746724890829694,256,1,0.0022623313399584327,30,True,True
QB-CLOSEST-,54,0.6997816593886463,256,1,0.0021738754312156227,30,True,True
QB-CLOSEST-,55,0.7079694323144105,256,1,0.0013586757882852309,30,True,True
QB-CLOSEST-,56,0.7123362445414847,256,1,0.0013790442971354571,30,True,True
QB-CLOSEST-,57,0.6975982532751092,256,1,0.0010030092182251081,30,True,True
QB-CLOSEST-,58,0.6823144104803494,256,1,0.0013051891158427102,30,True,True
QB-CLOSEST-,59,0.7003275109170306,256,1,0.0013709746306840849,30,True,True
QB-CLOSEST-,60,0.6806768558951966,256,1,0.0021334556166562094,30,True,True
QB-CLOSEST-,61,0.6965065502183406,256,1,0.0013452221033954264,30,True,False
QB-CLOSEST-,62,0.7183406113537117,256,1,0.0011674206977253544,30,True,True
QB-CLOSEST-,63,0.6872270742358079,256,1,0.0014404109051187701,30,True,True
QB-CLOSEST-,64,0.7106986899563319,256,1,0.0012092382320408718,30,True,True
QB-CLOSEST-,65,0.6965065502183406,256,1,0.002033581522521134,30,True,True
QB-CLOSEST-,66,0.6703056768558951,256,1,0.0011797274626878685,30,True,True
QB-CLOSEST-,67,0.7008733624454149,256,1,0.0024469668670735268,30,True,True
QB-CLOSEST-,68,0.6915938864628821,256,1,0.0011819225015017774,30,True,True
QB-CLOSEST-,69,0.6888646288209607,256,1,0.0019316355115751348,30,True,False
QB-CLOSEST-,70,0.6877729257641921,256,1,0.0019051717608988227,30,True,False
QB-CLOSEST-,71,0.6975982532751092,256,1,0.0014373640534737474,30,True,True
QB-CLOSEST-,72,0.7025109170305677,256,1,0.001470119189869466,30,True,True
QB-CLOSEST-,73,0.6926855895196506,256,1,0.0011430299798735211,30,True,True
QB-CLOSEST-,74,0.7014192139737991,256,1,0.0010000251170333943,30,True,True
QB-CLOSEST-,75,0.7019650655021834,256,1,0.0010287624901299964,30,True,True
QB-CLOSEST-,76,0.7063318777292577,256,1,0.001596353703165091,20,True,True
QB-CLOSEST-,77,0.6779475982532751,256,1,0.0016230482800988534,20,True,True
QB-CLOSEST-,78,0.6713973799126638,256,1,0.002765206194008485,30,True,True
QB-CLOSEST-,79,0.7025109170305677,256,1,0.0012093230974958191,30,True,True
QB-CLOSEST-,80,0.7041484716157205,256,1,0.0012087229380882188,30,True,True
QB-CLOSEST-,81,0.6512008733624454,256,1,0.002483871185739609,30,True,True
QB-CLOSEST-,82,0.7041484716157205,256,1,0.0015212543278523018,20,True,True
QB-CLOSEST-,83,0.6915938864628821,256,1,0.0015227830846585807,20,True,True
QB-CLOSEST-,84,0.6975982532751092,256,1,0.0017479349334849317,20,True,True
QB-CLOSEST-,85,0.6937772925764192,256,1,0.0018723906184864743,20,True,True
QB-CLOSEST-,86,0.7025109170305677,256,1,0.0011144761615281896,20,True,True
QB-CLOSEST-,87,0.7030567685589519,256,1,0.0011113698331398475,20,True,True
QB-CLOSEST-,88,0.6899563318777293,256,1,0.0013343740925630715,10,True,True
QB-CLOSEST-,89,0.6986899563318777,256,1,0.0013410344334860982,10,True,True
QB-CLOSEST-,90,0.7046943231441049,128,1,0.0031219916619907684,30,True,True
QB-CLOSEST-,91,0.6817685589519651,128,1,0.0016886073179086505,30,True,True
QB-CLOSEST-,92,0.6844978165938864,128,1,0.001655267350204822,30,True,True
QB-CLOSEST-,93,0.6582969432314411,128,1,0.0032198251296550427,30,True,True
QB-CLOSEST-,94,0.6561135371179039,128,1,0.004446924965204883,30,True,True
QB-CLOSEST-,95,0.6926855895196506,128,1,0.0012389207812750162,30,True,True
QB-CLOSEST-,96,0.712882096069869,128,1,0.0012568213535466993,30,True,True
QB-CLOSEST-,97,0.49945414847161573,256,1,0.016786599510479786,30,True,True
QB-CLOSEST-,98,0.6784934497816594,128,1,0.0014729472719763534,30,True,False
QB-CLOSEST-,99,0.6997816593886463,256,1,0.0011043566178704652,30,True,False
QB-CLOSEST-,100,0.6986899563318777,256,1,0.0014062760962846562,30,True,True
QB-CLOSEST-,101,0.6905021834061136,256,1,0.002341918900679621,30,True,True
QB-CLOSEST-,102,0.6768558951965066,128,1,0.002285623196645227,30,True,True
QB-CLOSEST-,103,0.6883187772925764,128,1,0.002027127802105805,30,True,True
QB-CLOSEST-,104,0.6784934497816594,128,1,0.0020239310648642417,30,True,True
QB-CLOSEST-,105,0.5,128,1,0.00978826794683585,30,True,True
QB-CLOSEST-,106,0.6948689956331878,128,1,0.0012744364357179239,30,True,True
QB-CLOSEST-,107,0.6932314410480349,128,1,0.0012755200056848938,30,True,True
QB-CLOSEST-,108,0.7117903930131004,256,1,0.001006698385170025,30,True,True
QB-CLOSEST-,109,0.6419213973799127,256,1,0.0066589977219403546,30,True,True
QB-CLOSEST-,110,0.6959606986899564,256,1,0.0010891339359335483,30,True,True
QB-CLOSEST-,111,0.6965065502183406,256,1,0.0010602641966905321,30,True,True
QB-CLOSEST-,112,0.7096069868995634,256,1,0.001027418459655036,30,True,True
QB-CLOSEST-,113,0.6779475982532751,256,1,0.0015292199653798091,30,True,True
QB-CLOSEST-,114,0.7150655021834061,256,1,0.0011663199970995733,30,True,True
QB-CLOSEST-,115,0.6866812227074236,256,1,0.0011782023959544684,30,True,True
QB-CLOSEST-,116,0.7068777292576419,256,1,0.0011228917879279102,30,True,True
QB-CLOSEST-,117,0.7046943231441049,256,1,0.0010001915363656022,30,True,True
QB-CLOSEST-,118,0.7052401746724891,256,1,0.0010290053495438968,30,True,True
QB-CLOSEST-,119,0.702247191011236,256,1,0.0013256390239700718,30,False,True
QB-CLOSEST-,120,0.7065687121866897,256,1,0.0013676303368315838,30,False,True
QB-CLOSEST-,121,0.6899563318777293,256,1,0.0014041122186752176,30,True,True
QB-CLOSEST-,122,0.6883187772925764,256,1,0.0012399775352829384,30,True,True
QB-CLOSEST-,123,0.7041484716157205,256,1,0.0011799294423724465,30,True,True
QB-CLOSEST-,124,0.7008733624454149,256,1,0.0011480042655675055,30,True,True
QB-CLOSEST-,125,0.7079694323144105,256,1,0.001107356416849449,30,True,True
QB-CLOSEST-,126,0.7008733624454149,256,1,0.0010891436729398689,30,True,True
QB-CLOSEST-,127,0.6981441048034934,256,1,0.0010148243050701158,30,True,True
QB-CLOSEST-,128,0.7074235807860262,256,1,0.0010007090726474844,30,True,True
QB-CLOSEST-,129,0.6844978165938864,256,1,0.0017775769708630671,10,True,True
QB-CLOSEST-,130,0.6855895196506551,256,1,0.001523014367350629,10,True,True
QB-CLOSEST-,131,0.6839519650655022,256,1,0.0014909660605264387,30,True,False
QB-CLOSEST-,132,0.7096069868995634,256,1,0.0012476494598792907,30,True,True
QB-CLOSEST-,133,0.6937772925764192,256,1,0.001260721945490911,30,True,True
QB-CLOSEST-,134,0.7074235807860262,256,1,0.0012419814884644966,30,True,True
QB-CLOSEST-,135,0.6943231441048034,256,1,0.0011870329466639597,30,True,True
QB-CLOSEST-,136,0.7145196506550219,256,1,0.0013855938366402055,30,True,True
QB-CLOSEST-,137,0.6937772925764192,256,1,0.001378302287537332,30,True,True
QB-CLOSEST-,138,0.6741266375545851,256,1,0.001688833628658561,30,True,True
QB-CLOSEST-,139,0.699235807860262,256,1,0.0016624821056068183,30,True,True
QB-CLOSEST-,140,0.6921397379912664,256,1,0.0013856780781617045,30,True,True
QB-CLOSEST-,141,0.7101528384279476,256,1,0.001395198480237087,30,True,True
QB-CLOSEST-,142,0.712882096069869,256,1,0.0011521347425883061,30,True,True
QB-CLOSEST-,143,0.6959606986899564,256,1,0.0011383392619659478,30,True,True
QB-CLOSEST-,144,0.6954148471615721,256,1,0.0011174996208219545,30,True,True
QB-CLOSEST-,145,0.7079694323144105,256,1,0.001365280255057087,30,True,True
QB-CLOSEST-,146,0.699235807860262,256,1,0.0012982932558972897,30,True,True
QB-CLOSEST-,147,0.7161572052401747,256,1,0.0012672731074940163,30,True,True
QB-CLOSEST-,148,0.5,256,1,0.06922692202924055,30,True,True
QB-CLOSEST-,149,0.6894104803493449,256,1,0.001849883143954146,30,True,True
QB-CLOSEST-,150,0.7101528384279476,256,1,0.0015436170808787906,30,True,True
QB-CLOSEST-,151,0.7052401746724891,256,1,0.0014791970319575855,30,True,True
QB-CLOSEST-,152,0.6812227074235808,256,1,0.0015429851106490509,30,True,True
QB-CLOSEST-,153,0.6517467248908297,256,1,0.001470955595060684,30,True,True
QB-CLOSEST-,154,0.6763100436681223,256,1,0.0012300038395732698,30,True,True
QB-CLOSEST-,155,0.6894104803493449,256,1,0.0012474020195898231,30,True,True
QB-CLOSEST-,156,0.6817685589519651,256,1,0.0012812490918852884,30,True,True
QB-CLOSEST-,157,0.6997816593886463,256,1,0.0016090069773531848,30,True,True
QB-CLOSEST-,158,0.6643013100436681,256,1,0.001613424433444214,30,True,False
QB-CLOSEST-,159,0.6954148471615721,256,1,0.0013968790206823115,30,True,True
QB-CLOSEST-,160,0.6763100436681223,256,1,0.0018223311025666001,30,True,True
QB-CLOSEST-,161,0.7134831460674157,256,1,0.0011305756236758278,30,False,True
QB-CLOSEST-,162,0.6855895196506551,256,1,0.001091728016276285,30,True,True
QB-CLOSEST-,163,0.7074235807860262,256,1,0.001115930198846564,30,True,True
QB-CLOSEST-,164,0.7139152981849611,256,1,0.0011668489849851606,30,False,True
QB-CLOSEST-,165,0.7031114952463267,256,1,0.0010061799325026184,30,False,True
QB-CLOSEST-,166,0.719533275713051,256,1,0.001169067429194838,30,False,True
QB-CLOSEST-,167,0.6983578219533275,256,1,0.0012100967612100454,30,False,True
QB-CLOSEST-,168,0.7152117545375972,256,1,0.001188350295950806,30,False,True
QB-CLOSEST-,169,0.7130509939498704,256,1,0.0011703582885024414,30,False,True
QB-CLOSEST-,170,0.7182368193604148,256,1,0.001086669108926856,30,False,True
QB-CLOSEST-,171,0.709161624891962,256,1,0.0011672395284606884,30,False,True
QB-CLOSEST-,172,0.7113223854796888,256,1,0.0011599062536947213,30,False,True
QB-CLOSEST-,173,0.7156439066551427,256,1,0.0013418389061746396,30,False,True
QB-CLOSEST-,174,0.716076058772688,256,1,0.0011236623996453482,30,False,True
QB-CLOSEST-,175,0.72990492653414,256,1,0.0011142244998656962,30,False,True
QB-CLOSEST-,176,0.6983578219533275,256,1,0.001091871130968178,30,False,True
QB-CLOSEST-,177,0.7191011235955056,256,1,0.0010620086149426434,30,False,True
QB-CLOSEST-,178,0.719533275713051,256,1,0.001000551513165541,30,False,True
QB-CLOSEST-,179,0.7048401037165082,256,1,0.001310846196186679,30,False,True
QB-CLOSEST-,180,0.7165082108902333,256,1,0.0010027478698192785,30,False,True
QB-CLOSEST-,181,0.7182368193604148,256,1,0.0010848267691897526,10,False,True
QB-CLOSEST-,182,0.7203975799481418,256,1,0.0010898871918871868,30,False,True
QB-CLOSEST-,183,0.7186689714779603,256,1,0.0010090462281643008,10,False,True
QB-CLOSEST-,184,0.7225583405358686,256,1,0.0010105356420995965,10,False,True
QB-CLOSEST-,185,0.7044079515989629,256,1,0.0010017798004913368,10,False,True
QB-CLOSEST-,186,0.726447709593777,256,1,0.0010030696163907079,10,False,True
QB-CLOSEST-,187,0.7152117545375972,256,1,0.0010027752982296482,10,False,True
QB-CLOSEST-,188,0.7152117545375972,256,1,0.001013054987445427,10,False,True
QB-CLOSEST-,189,0.6823681936041487,256,1,0.0010079521099366647,10,False,True
QB-CLOSEST-,190,0.7087294727744166,256,1,0.0010065537950518743,10,False,True
QB-CLOSEST-,191,0.716076058772688,256,1,0.001063407087581006,10,False,False
QB-CLOSEST-,192,0.7165082108902333,256,1,0.0010918148549252966,10,False,True
QB-CLOSEST-,193,0.7191011235955056,256,1,0.0010877722074149232,10,False,False
QB-CLOSEST-,194,0.709161624891962,256,1,0.001077965972292724,10,False,False
QB-CLOSEST-,195,0.7048401037165082,256,1,0.0010932722400972927,10,False,False
QB-CLOSEST-,196,0.7191011235955056,256,1,0.001094018429871661,10,False,False
QB-CLOSEST-,197,0.6819360414866033,256,1,0.0011007751465650333,10,False,False
QB-CLOSEST-,198,0.7044079515989629,256,1,0.0011026010697302838,10,False,False
QB-CLOSEST-,199,0.7044079515989629,256,1,0.0010888781361125285,10,False,False
DELAUNAY,0,0.5,256,1,0.01425408305069469,30,True,False
DELAUNAY,1,0.6888504753673294,128,1,0.0013521788454987733,30,False,True
DELAUNAY,2,0.5,128,2,0.06834468205746176,20,True,False
DELAUNAY,3,0.6041486603284356,128,2,0.07593293552517633,30,False,True
DELAUNAY,4,0.5,256,1,0.015352297690168552,20,True,True
DELAUNAY,5,0.6041486603284356,256,2,0.041299804039562904,20,False,True
DELAUNAY,6,0.6364628820960698,256,1,0.0024438628366331284,30,True,True
DELAUNAY,7,0.6041486603284356,256,2,0.05285934370650168,20,False,False
DELAUNAY,8,0.5,128,2,0.007051524211763251,10,True,True
DELAUNAY,9,0.6599344978165939,256,1,0.003938962056342411,20,True,False
DELAUNAY,10,0.5,256,2,0.004418203018863104,10,True,False
DELAUNAY,11,0.6996542783059637,128,1,0.001111304661503775,30,False,True
DELAUNAY,12,0.7048401037165082,128,1,0.001016405765976185,30,False,False
DELAUNAY,13,0.7031114952463267,128,1,0.0010355952675409359,30,False,True
DELAUNAY,14,0.6979256698357822,128,1,0.0010659182659209121,30,False,False
DELAUNAY,15,0.6914433880726015,128,1,0.002112562893033379,30,False,False
DELAUNAY,16,0.6957649092480553,128,1,0.001960443366641507,30,False,False
DELAUNAY,17,0.6607605877268798,128,1,0.0026485895633554793,10,False,True
DELAUNAY,18,0.6041486603284356,128,1,0.029483951742770884,10,False,True
DELAUNAY,19,0.6365600691443388,128,1,0.0039496295992274225,30,False,True
DELAUNAY,20,0.6538461538461539,128,1,0.0066404639750550915,30,False,False
DELAUNAY,21,0.6041486603284356,128,1,0.007537474301797133,30,False,False
DELAUNAY,22,0.7117545375972342,128,1,0.0011438585116166325,30,False,True
DELAUNAY,23,0.7238547968885047,128,1,0.0014010993509767369,30,False,True
DELAUNAY,24,0.7009507346585998,128,1,0.0014983600557599342,30,False,True
DELAUNAY,25,0.7152117545375972,128,1,0.0015898275871787384,30,False,True
DELAUNAY,26,0.6905790838375108,128,1,0.0016682498468928483,30,False,True
DELAUNAY,27,0.6266205704407951,128,1,0.003375450078032367,30,False,True
DELAUNAY,28,0.6866897147796024,128,1,0.0038078336870091423,30,False,True
DELAUNAY,29,0.6698357821953328,128,1,0.0028282338050318423,30,False,True
DELAUNAY,30,0.6041486603284356,128,1,0.010715536436944501,10,False,True
DELAUNAY,31,0.709161624891962,128,1,0.0025833853973436863,30,False,True
DELAUNAY,32,0.6974935177182369,128,1,0.001588569857532264,30,False,True
DELAUNAY,33,0.6910112359550562,128,1,0.0017058141777830885,30,False,True
DELAUNAY,34,0.7108902333621435,128,1,0.0014169831520484779,30,False,True
DELAUNAY,35,0.7061365600691444,128,1,0.0013119235948915197,30,False,True
DELAUNAY,36,0.7247191011235955,128,1,0.0012425156994728263,30,False,True
DELAUNAY,37,0.5,128,2,0.005206362916982876,20,True,True
DELAUNAY,38,0.6041486603284356,256,1,0.018130018514338733,30,False,True
DELAUNAY,39,0.7082973206568712,256,1,0.0019861216320500755,30,False,True
DELAUNAY,40,0.5,256,2,0.0020241596705103883,20,True,True
DELAUNAY,41,0.5300218340611353,128,2,0.00140820462921304,20,True,True
DELAUNAY,42,0.6853932584269663,128,1,0.0013159187049056199,30,False,True
DELAUNAY,43,0.7113223854796888,128,1,0.001294394497222957,30,False,True
DELAUNAY,44,0.7191011235955056,128,1,0.0012558757787537696,30,False,True
DELAUNAY,45,0.6957649092480553,128,1,0.00117779997090915,30,False,True
DELAUNAY,46,0.6214347450302506,128,1,0.0032448875634548432,30,False,True
DELAUNAY,47,0.6041486603284356,128,1,0.08984195874689485,30,False,True
DELAUNAY,48,0.6577355229040622,128,1,0.0032365583200214773,10,False,True
DELAUNAY,49,0.6915938864628821,256,1,0.0017951811696330436,10,True,True
DELAUNAY,50,0.7063318777292577,256,1,0.0010172372691089784,30,True,True
DELAUNAY,51,0.7082973206568712,128,1,0.002392673750528477,30,False,True
DELAUNAY,52,0.7013828867761452,128,1,0.001267045913789571,30,False,True
DELAUNAY,53,0.7095937770095073,128,1,0.0012249568204380768,30,False,True
DELAUNAY,54,0.7013828867761452,128,1,0.0011934798406664394,30,False,True
DELAUNAY,55,0.6668107173725151,128,1,0.002341868942191773,30,False,True
DELAUNAY,56,0.6832324978392394,128,1,0.0022304450097732067,30,False,True
DELAUNAY,57,0.7134831460674157,128,1,0.0016347191576054733,20,False,False
DELAUNAY,58,0.7242869490060502,128,1,0.0010012600797196305,20,False,False
DELAUNAY,59,0.7009507346585998,128,1,0.0016719346526179641,20,False,False
DELAUNAY,60,0.691875540190147,128,1,0.0016697196774381584,20,False,False
DELAUNAY,61,0.7178046672428695,128,1,0.0010130896292831807,20,False,False
DELAUNAY,62,0.7074330164217805,128,1,0.0010186756073516613,20,False,False
DELAUNAY,63,0.700086430423509,128,1,0.0010011292862004096,20,False,False
DELAUNAY,64,0.7182368193604148,128,1,0.0015092742875491788,20,False,False
DELAUNAY,65,0.7199654278305964,128,1,0.001016357426052136,20,False,False
DELAUNAY,66,0.7039757994814174,128,1,0.0014945238181452594,20,False,False
DELAUNAY,67,0.6996542783059637,128,1,0.0019239959362044989,20,False,False
DELAUNAY,68,0.7139152981849611,128,1,0.0011597336528223316,20,False,False
DELAUNAY,69,0.6041486603284356,128,1,0.0345808245344084,20,False,False
DELAUNAY,70,0.6041486603284356,128,1,0.02892064007795452,20,False,False
DELAUNAY,71,0.6041486603284356,128,1,0.0208531167445493,20,False,False
DELAUNAY,72,0.6914433880726015,128,1,0.0014125037333678743,20,False,False
DELAUNAY,73,0.6936041486603285,128,1,0.001441206376540198,20,False,False
DELAUNAY,74,0.7143474503025065,128,1,0.001483486031081661,20,False,False
DELAUNAY,75,0.7191011235955056,128,1,0.0011196756128146494,20,False,False
DELAUNAY,76,0.7126188418323249,128,1,0.0011057798596581978,20,False,False
DELAUNAY,77,0.7251512532411409,128,1,0.001115458982272127,20,False,False
DELAUNAY,78,0.7044079515989629,128,1,0.0018774483052899982,20,False,False
DELAUNAY,79,0.7068777292576419,256,1,0.0011481349678565361,20,True,False
DELAUNAY,80,0.5212882096069869,256,2,0.0011674944591506364,20,True,False
DELAUNAY,81,0.6041486603284356,128,2,0.011949868431415139,20,False,False
DELAUNAY,82,0.7139152981849611,128,1,0.0012962443606100663,20,False,False
DELAUNAY,83,0.6923076923076923,128,1,0.0010251322247992092,20,False,False
DELAUNAY,84,0.6884183232497839,128,1,0.0010062696369392324,20,False,False
DELAUNAY,85,0.7039757994814174,128,1,0.0013796505241892403,20,False,False
DELAUNAY,86,0.7143474503025065,128,1,0.0013577509539411334,10,False,False
DELAUNAY,87,0.6041486603284356,128,1,0.06204768631144687,10,False,False
DELAUNAY,88,0.6629213483146067,128,1,0.002740227633978663,20,False,False
DELAUNAY,89,0.6041486603284356,128,1,0.008097316951158949,20,False,False
DELAUNAY,90,0.6041486603284356,128,1,0.008079756060397349,20,False,False
DELAUNAY,91,0.6879861711322386,128,1,0.0017673000734021616,20,False,False
DELAUNAY,92,0.6529818496110631,128,1,0.002126921686921135,30,False,False
DELAUNAY,93,0.6996542783059637,128,1,0.001578375954938086,30,False,True
DELAUNAY,94,0.700086430423509,128,1,0.0011159284566879578,30,False,True
DELAUNAY,95,0.6996542783059637,128,1,0.0012373750293537633,30,False,True
DELAUNAY,96,0.7005185825410545,128,1,0.0012256709281246363,20,False,False
DELAUNAY,97,0.6707000864304236,128,1,0.0051116859002680514,20,False,False
DELAUNAY,98,0.68971477960242,128,1,0.001547872430966931,20,False,False
DELAUNAY,99,0.7173725151253241,128,1,0.0015410235057965592,30,False,True
DELAUNAY,100,0.726447709593777,128,1,0.00110385514434344,30,False,True
DELAUNAY,101,0.7065687121866897,128,1,0.0011022531642425897,30,False,True
DELAUNAY,102,0.7165082108902333,128,1,0.0011038730804146168,30,False,True
DELAUNAY,103,0.693171996542783,128,1,0.0013133878490876622,30,False,True
DELAUNAY,104,0.702247191011236,128,1,0.001275739882673867,30,False,True
DELAUNAY,105,0.7087294727744166,128,1,0.0015010634675351785,30,False,True
DELAUNAY,106,0.6936041486603285,128,1,0.0017848060678875423,30,False,True
DELAUNAY,107,0.6953327571305099,128,1,0.0018426039761628172,30,False,True
DELAUNAY,108,0.7068777292576419,256,1,0.0011235240679972412,10,True,True
DELAUNAY,109,0.6812227074235808,256,1,0.001369726467765805,10,True,False
DELAUNAY,110,0.7143474503025065,128,1,0.001406588214741275,20,False,False
DELAUNAY,111,0.672428694900605,128,1,0.0012271951004005077,20,False,False
DELAUNAY,112,0.6979256698357822,128,1,0.0010900895725767003,30,False,True
DELAUNAY,113,0.7156439066551427,128,1,0.0010969623088964064,30,False,True
DELAUNAY,114,0.7134831460674157,128,1,0.0010772980250425802,30,False,True
DELAUNAY,115,0.6832324978392394,128,1,0.001576965728307183,30,False,True
DELAUNAY,116,0.6905790838375108,128,1,0.001574029017306762,30,False,True
DELAUNAY,117,0.7191011235955056,128,1,0.001220345679272235,30,False,True
DELAUNAY,118,0.7165082108902333,128,1,0.0010233151396803366,30,False,True
DELAUNAY,119,0.698789974070873,128,1,0.0012166081334676927,20,False,True
DELAUNAY,120,0.6853932584269663,128,1,0.0012172134962264837,20,False,False
DELAUNAY,121,0.6871218668971478,128,1,0.0020890207313115474,20,False,False
DELAUNAY,122,0.7039757994814174,128,1,0.0010069188793195264,30,False,True
DELAUNAY,123,0.7152117545375972,128,1,0.0013459497789237078,30,False,True
DELAUNAY,124,0.7117545375972342,128,1,0.0014408163177590263,30,False,True
DELAUNAY,125,0.6992221261884183,128,1,0.0011605306140176981,30,False,True
DELAUNAY,126,0.7255834053586863,128,1,0.0011796620387428056,30,False,True
DELAUNAY,127,0.7031114952463267,128,1,0.0016719564770498684,30,False,True
DELAUNAY,128,0.7048401037165082,128,1,0.0016880327876727282,30,False,True
DELAUNAY,129,0.6767502160760588,128,1,0.0013028511649921055,20,False,False
DELAUNAY,130,0.6961970613656007,128,1,0.0013095356454068325,20,False,False
DELAUNAY,131,0.6996542783059637,128,1,0.0014788962348756113,20,False,False
DELAUNAY,132,0.716076058772688,128,1,0.0010041219735700468,30,False,True
DELAUNAY,133,0.7074330164217805,128,1,0.001169488766221769,30,False,True
DELAUNAY,134,0.7212618841832324,128,1,0.001103005267769921,30,False,True
DELAUNAY,135,0.7130509939498704,128,1,0.0011394651541972787,30,False,True
DELAUNAY,136,0.7044079515989629,128,1,0.0012098933928183367,30,False,True
DELAUNAY,137,0.719533275713051,128,1,0.0012481746678085473,30,False,True
DELAUNAY,138,0.7143474503025065,128,1,0.0014063759812543567,30,False,True
DELAUNAY,139,0.7018150388936906,128,1,0.0013327373759347285,30,False,True
DELAUNAY,140,0.7130509939498704,128,1,0.0010805871113357458,20,False,False
DELAUNAY,141,0.700086430423509,128,1,0.001013994002711197,20,False,False
DELAUNAY,142,0.7156439066551427,128,1,0.001239281687422425,30,False,True
DELAUNAY,143,0.7203975799481418,128,1,0.0012213176152624202,30,False,True
DELAUNAY,144,0.7018150388936906,128,1,0.0014991192070679903,30,False,True
DELAUNAY,145,0.7044079515989629,128,1,0.0011556016151437253,30,False,True
DELAUNAY,146,0.7113223854796888,128,1,0.0011793301379873988,30,False,True
DELAUNAY,147,0.7087294727744166,128,1,0.001100667569981551,30,False,True
DELAUNAY,148,0.6932314410480349,256,1,0.001291402787431002,30,True,True
DELAUNAY,149,0.6045808124459809,128,2,0.0010867403886026302,30,False,False
DELAUNAY,150,0.6050129645635264,128,2,0.0013807557461259163,20,False,False
DELAUNAY,151,0.6862575626620571,128,1,0.0013861429162776702,20,False,True
DELAUNAY,152,0.7281763180639585,128,1,0.0010012157758711136,30,False,True
DELAUNAY,153,0.7078651685393258,128,1,0.001255098386234576,30,False,True
DELAUNAY,154,0.7191011235955056,128,1,0.0010071410876213165,30,False,True
DELAUNAY,155,0.7052722558340536,128,1,0.0010084764663259359,30,False,True
DELAUNAY,156,0.7108902333621435,128,1,0.0010094994963909972,30,False,True
DELAUNAY,157,0.7044079515989629,128,1,0.0011153521222934612,30,False,True
DELAUNAY,158,0.7082973206568712,128,1,0.0011844988317696364,30,False,True
DELAUNAY,159,0.7143474503025065,128,1,0.0012164311105931972,30,False,True
DELAUNAY,160,0.68971477960242,128,1,0.0012587090242286787,30,False,True
DELAUNAY,161,0.6923076923076923,128,1,0.0014860032950701396,30,False,True
DELAUNAY,162,0.6949006050129646,128,1,0.0010769074767072555,10,False,True
DELAUNAY,163,0.7169403630077787,128,1,0.0010756051378669942,30,False,True
DELAUNAY,164,0.7251512532411409,128,1,0.0010949329455932951,30,False,False
DELAUNAY,165,0.7074330164217805,128,1,0.001321707729163709,20,False,False
DELAUNAY,166,0.7156439066551427,128,1,0.0012943733347103737,30,False,False
DELAUNAY,167,0.7203975799481418,128,1,0.0011605460648175204,30,False,True
DELAUNAY,168,0.7048401037165082,128,1,0.0010006225518899897,30,False,True
DELAUNAY,169,0.7134831460674157,128,1,0.0011641749752182595,30,False,True
DELAUNAY,170,0.7057044079515989,128,1,0.0011662253092009612,30,False,True
DELAUNAY,171,0.7018150388936906,256,1,0.00100011900100702,30,False,True
DELAUNAY,172,0.7039757994814174,128,1,0.0014137729983681,30,False,True
DELAUNAY,173,0.7005185825410545,128,1,0.001435721525983523,30,False,True
DELAUNAY,174,0.7117545375972342,128,1,0.0011019526578819104,30,False,True
DELAUNAY,175,0.6953327571305099,128,1,0.0011144172796961366,30,False,True
DELAUNAY,176,0.5,128,1,0.046825069324920365,30,True,False
DELAUNAY,177,0.7191011235955056,128,1,0.0012454809609297244,30,False,True
DELAUNAY,178,0.7216940363007779,128,1,0.0012516258661948365,30,False,True
DELAUNAY,179,0.7121866897147796,128,1,0.0012408885124944142,30,False,True
DELAUNAY,180,0.6041486603284356,128,1,0.015003006248192646,30,False,True
DELAUNAY,181,0.7065687121866897,128,1,0.0012202804986210195,30,False,True
DELAUNAY,182,0.7134831460674157,128,1,0.001246880956613957,30,False,True
DELAUNAY,183,0.7139152981849611,128,1,0.0013200836924634252,30,False,True
DELAUNAY,184,0.7065687121866897,128,1,0.0011124571485108307,30,False,True
DELAUNAY,185,0.7013828867761452,128,1,0.0013782535019786434,30,False,True
DELAUNAY,186,0.7018150388936906,128,1,0.001089116451167474,30,False,True
DELAUNAY,187,0.7113223854796888,128,1,0.0016614353384580224,30,False,True
DELAUNAY,188,0.6944684528954191,128,1,0.001630906708601992,30,False,True
DELAUNAY,189,0.7238547968885047,128,1,0.0010018951873692799,30,False,True
DELAUNAY,190,0.7039757994814174,128,1,0.0011828557376978937,30,False,True
DELAUNAY,191,0.7307692307692307,128,1,0.0010070428239723373,30,False,True
DELAUNAY,192,0.6996542783059637,128,1,0.0010122325716085505,30,False,True
DELAUNAY,193,0.7273120138288678,128,1,0.0010107701122962518,30,False,True
DELAUNAY,194,0.7035436473638721,128,1,0.0010922905599130743,30,False,True
DELAUNAY,195,0.7113223854796888,128,1,0.0011154644189787862,30,False,True
DELAUNAY,196,0.6974935177182369,128,1,0.0011300664383418065,30,False,True
DELAUNAY,197,0.7216940363007779,128,1,0.0010062069133690487,30,False,True
DELAUNAY,198,0.7130509939498704,128,1,0.001189269631808645,10,False,True
DELAUNAY,199,0.719533275713051,128,1,0.0010574203801625899,10,False,True
GABRIEL,0,0.6041486603284356,256,2,0.0019186556810755506,20,False,True
GABRIEL,1,0.5,128,2,0.0025992203844213612,20,True,False
GABRIEL,2,0.6041486603284356,256,1,0.016678224291558436,10,False,False
GABRIEL,3,0.6041486603284356,128,2,0.014958759264468515,30,False,True
GABRIEL,4,0.6041486603284356,256,1,0.015876024581492235,20,False,True
GABRIEL,5,0.5,256,1,0.05342785675442215,20,True,True
GABRIEL,6,0.5185589519650655,128,2,0.0015759204659340624,10,True,False
GABRIEL,7,0.6041486603284356,256,2,0.028980304638472933,20,False,True
GABRIEL,8,0.6041486603284356,128,1,0.019158254177942414,10,False,True
GABRIEL,9,0.6041486603284356,256,2,0.006760406038469265,10,False,True
GABRIEL,10,0.6041486603284356,128,2,0.004625970985556913,20,False,True
GABRIEL,11,0.5338427947598253,256,2,0.001037849549506087,30,True,False
GABRIEL,12,0.6041486603284356,256,1,0.09600805750551716,30,False,False
GABRIEL,13,0.6041486603284356,256,1,0.07680375152682929,10,False,False
GABRIEL,14,0.6797752808988764,256,1,0.003664070717195471,10,False,False
GABRIEL,15,0.6041486603284356,256,1,0.0041519943098899635,10,False,False
GABRIEL,16,0.6041486603284356,256,1,0.00317106939415998,10,False,False
GABRIEL,17,0.7100259291270528,256,1,0.002723359388767174,20,False,False
GABRIEL,18,0.6041486603284356,256,2,0.001863744174377985,20,False,True
GABRIEL,19,0.5911572052401747,256,1,0.0062124006269804605,20,True,False
GABRIEL,20,0.6539301310043668,256,1,0.007481770967073839,30,True,False
GABRIEL,21,0.6923076923076923,256,1,0.0011060437803159608,20,False,False
GABRIEL,22,0.6430131004366813,256,1,0.008807469850020634,30,True,False
GABRIEL,23,0.6451965065502183,256,1,0.003588625198101634,30,True,False
GABRIEL,24,0.7074330164217805,256,1,0.0012771523840459328,20,False,False
GABRIEL,25,0.716076058772688,256,1,0.0010108729756375422,20,False,False
GABRIEL,26,0.6949006050129646,256,1,0.001015929543462714,20,False,False
GABRIEL,27,0.7044079515989629,128,1,0.001476440571712194,20,False,False
GABRIEL,28,0.7191011235955056,128,1,0.0015014341956315202,20,False,False
GABRIEL,29,0.7026793431287813,256,1,0.0023961845721844044,20,False,False
GABRIEL,30,0.6858254105445116,256,1,0.0021945431142400855,20,False,False
GABRIEL,31,0.6707000864304236,128,1,0.0020140562524029147,20,False,False
GABRIEL,32,0.7082973206568712,128,1,0.0014473104439696525,20,False,False
GABRIEL,33,0.7113223854796888,128,1,0.0014288874777564767,20,False,False
GABRIEL,34,0.6858254105445116,128,1,0.0015965634112934583,20,False,False
GABRIEL,35,0.6719965427830596,128,1,0.00276395696972875,20,False,False
GABRIEL,36,0.6927398444252377,128,1,0.0027838411571658754,20,False,False
GABRIEL,37,0.7156439066551427,128,1,0.0018815874598883432,20,False,False
GABRIEL,38,0.7009507346585998,128,1,0.0018431476733117866,20,False,False
GABRIEL,39,0.7018150388936906,128,1,0.0018437008890624773,20,False,False
GABRIEL,40,0.7078651685393258,128,1,0.001264138142853491,20,False,False
GABRIEL,41,0.7061365600691444,128,1,0.001374574310246367,20,False,True
GABRIEL,42,0.6810717372515125,128,1,0.0024267962946010963,20,False,False
GABRIEL,43,0.662057044079516,128,1,0.002382233390449372,20,False,False
GABRIEL,44,0.6927398444252377,128,1,0.005201624477284299,20,False,False
GABRIEL,45,0.6862575626620571,128,1,0.0012030469821023464,20,False,False
GABRIEL,46,0.6305099394987036,128,1,0.005031099978753438,20,False,False
GABRIEL,47,0.6041486603284356,128,2,0.01084239101300877,20,False,True
GABRIEL,48,0.6910480349344978,128,1,0.0016572272406231027,20,True,False
GABRIEL,49,0.6730349344978166,128,1,0.0016307091520268698,20,True,False
GABRIEL,50,0.719533275713051,128,1,0.0010162497368947638,30,False,True
GABRIEL,51,0.6041486603284356,128,2,0.023895360105179144,30,False,True
GABRIEL,52,0.7104580812445981,128,1,0.0013853707543562382,20,False,False
GABRIEL,53,0.7260155574762316,128,1,0.0010225580773294478,30,False,True
GABRIEL,54,0.7186689714779603,128,1,0.0010683686580370381,30,False,True
GABRIEL,55,0.7095937770095073,128,1,0.0010811623657680752,30,False,True
GABRIEL,56,0.6923076923076923,128,1,0.0010598334340371416,30,False,True
GABRIEL,57,0.7147796024200519,128,1,0.0010395714030164368,30,False,True
GABRIEL,58,0.6041486603284356,128,1,0.04014183025152752,30,False,True
GABRIEL,59,0.7152117545375972,128,1,0.0012112929125365538,30,False,True
GABRIEL,60,0.675885911840968,128,1,0.0019969765016988918,30,False,True
GABRIEL,61,0.6784788245462403,128,1,0.0020154506881882544,30,False,True
GABRIEL,62,0.702247191011236,128,1,0.0011976071544981851,30,False,True
GABRIEL,63,0.7035436473638721,128,1,0.0012376390286471769,30,False,True
GABRIEL,64,0.7130509939498704,128,1,0.001240121752697444,30,False,True
GABRIEL,65,0.7018150388936906,128,1,0.0016622507765348092,30,False,True
GABRIEL,66,0.7225583405358686,128,1,0.0010088685316000257,30,False,True
GABRIEL,67,0.7014192139737991,128,1,0.0010612050077189541,10,True,True
GABRIEL,68,0.7063318777292577,128,1,0.0010607111929656617,10,True,True
GABRIEL,69,0.7216940363007779,128,1,0.001564497893193001,30,False,True
GABRIEL,70,0.6771823681936041,256,1,0.003226299520263159,30,False,True
GABRIEL,71,0.6983578219533275,256,1,0.0031861366065261,30,False,True
GABRIEL,72,0.7052722558340536,128,1,0.0014703739881433292,30,False,True
GABRIEL,73,0.7095937770095073,128,1,0.0015414175176873173,30,False,True
GABRIEL,74,0.6983578219533275,128,1,0.001688190700784358,30,False,True
GABRIEL,75,0.7238547968885047,128,1,0.0010003924859728476,30,False,True
GABRIEL,76,0.7082973206568712,128,1,0.001330550662291881,30,False,True
GABRIEL,77,0.7169403630077787,128,1,0.0013554425683056917,30,False,True
GABRIEL,78,0.7026793431287813,128,1,0.0010051482856519936,30,False,True
GABRIEL,79,0.7074330164217805,128,1,0.0011788787228235464,30,False,True
GABRIEL,80,0.6927398444252377,128,1,0.0013709229318216978,30,False,True
GABRIEL,81,0.7039757994814174,128,1,0.002142429786808383,30,False,True
GABRIEL,82,0.7156439066551427,128,1,0.0011426254088163627,30,False,True
GABRIEL,83,0.6979256698357822,128,1,0.0011510350390457882,30,False,True
GABRIEL,84,0.6914433880726015,256,1,0.0013462858429481302,30,False,True
GABRIEL,85,0.7203975799481418,256,1,0.0010025500286132511,30,False,True
GABRIEL,86,0.6974935177182369,128,1,0.001696105278708661,30,False,True
GABRIEL,87,0.6041486603284356,128,1,0.013825690472688452,30,False,True
GABRIEL,88,0.6041486603284356,128,2,0.0014822632452819939,30,False,True
GABRIEL,89,0.6936041486603285,128,1,0.00150848778394775,30,False,True
GABRIEL,90,0.700086430423509,256,1,0.001334359919422264,30,False,True
GABRIEL,91,0.7106986899563319,256,1,0.0017542097767279047,30,True,True
GABRIEL,92,0.7139152981849611,256,1,0.0010124723869518746,10,False,True
GABRIEL,93,0.7186689714779603,256,1,0.0010108305273994918,10,False,True
GABRIEL,94,0.7182368193604148,256,1,0.001156697792205442,30,False,True
GABRIEL,95,0.7126188418323249,256,1,0.0011178849296590702,10,False,True
GABRIEL,96,0.7199654278305964,256,1,0.0011288229310094336,10,False,True
GABRIEL,97,0.7255834053586863,256,1,0.001149306555642593,10,False,True
GABRIEL,98,0.7108902333621435,256,1,0.0012675746593507622,10,False,True
GABRIEL,99,0.7191011235955056,256,1,0.0012407081480094308,10,False,True
GABRIEL,100,0.6992221261884183,256,1,0.0015431971981377589,10,False,True
GABRIEL,101,0.6041486603284356,256,1,0.06695842963342105,10,False,True
GABRIEL,102,0.7191011235955056,256,1,0.001138597455589588,10,False,True
GABRIEL,103,0.7095937770095073,256,1,0.0011235530429678433,10,False,True
GABRIEL,104,0.7152117545375972,256,1,0.0012571585125017303,10,False,True
GABRIEL,105,0.702247191011236,256,1,0.0012575369614830699,10,False,True
GABRIEL,106,0.7065687121866897,256,1,0.0014320987075911468,10,False,True
GABRIEL,107,0.6957649092480553,256,1,0.0017914761779393,10,False,True
GABRIEL,108,0.7061365600691444,256,1,0.0014329341318257119,10,False,True
GABRIEL,109,0.6970613656006914,256,1,0.0022893800989384275,10,False,True
GABRIEL,110,0.6948689956331878,256,1,0.0011318979405790482,10,True,True
GABRIEL,111,0.6872270742358079,256,1,0.0011387484894605485,10,True,True
GABRIEL,112,0.691875540190147,256,1,0.0011217677224254583,10,False,True
GABRIEL,113,0.7104580812445981,256,1,0.001063945515501476,10,False,True
GABRIEL,114,0.702247191011236,256,1,0.0012774826694560701,10,False,True
GABRIEL,115,0.6953327571305099,128,1,0.0010094959658161519,30,False,True
GABRIEL,116,0.7251512532411409,128,1,0.0015782973615011636,30,False,True
GABRIEL,117,0.7065687121866897,128,1,0.0016278617789327267,30,False,True
GABRIEL,118,0.6780466724286949,128,1,0.0020473593598359908,30,False,True
GABRIEL,119,0.6845289541918755,128,1,0.0018913778943906636,30,False,True
GABRIEL,120,0.7013828867761452,256,1,0.001584086726710245,30,False,True
GABRIEL,121,0.6032843560933449,256,2,0.0013337868443052824,10,False,True
GABRIEL,122,0.7126188418323249,128,1,0.0012093951426904402,30,False,True
GABRIEL,123,0.7165082108902333,128,1,0.0010046108856768808,30,False,True
GABRIEL,124,0.7147796024200519,128,1,0.0012061134211034416,30,False,True
GABRIEL,125,0.7178046672428695,128,1,0.0013949107627003062,30,False,True
GABRIEL,126,0.7199654278305964,128,1,0.0014720968972322711,30,False,True
GABRIEL,127,0.7216940363007779,128,1,0.0010029091126660266,30,False,True
GABRIEL,128,0.6763180639585133,128,1,0.008039400015054229,30,False,True
GABRIEL,129,0.7052722558340536,128,1,0.002560081306523941,30,False,True
GABRIEL,130,0.7113223854796888,128,1,0.0014992666217748323,30,False,True
GABRIEL,131,0.6642178046672429,128,1,0.006286035084986495,30,False,True
GABRIEL,132,0.7147796024200519,128,1,0.0012914180801325374,30,False,True
GABRIEL,133,0.693171996542783,128,1,0.0012855075041406227,30,False,True
GABRIEL,134,0.7199654278305964,128,1,0.0010038376823251565,30,False,True
GABRIEL,135,0.7182368193604148,128,1,0.0011214144631161752,30,False,True
GABRIEL,136,0.7165082108902333,128,1,0.0011088496504173921,30,False,True
GABRIEL,137,0.7290406222990493,128,1,0.0010041230558278725,30,False,True
GABRIEL,138,0.7242869490060502,128,1,0.001001006235523716,30,False,True
GABRIEL,139,0.6992221261884183,128,1,0.0010196406830716499,30,False,True
GABRIEL,140,0.7100259291270528,128,1,0.001043251207886871,30,False,True
GABRIEL,141,0.6949006050129646,128,1,0.0010079926402851336,30,False,True
GABRIEL,142,0.6996542783059637,128,1,0.0010135279394851648,30,False,True
GABRIEL,143,0.7221261884183232,128,1,0.0014127397461536721,30,False,True
GABRIEL,144,0.7070008643042351,128,1,0.001183435023368547,30,False,True
GABRIEL,145,0.7208297320656871,128,1,0.0011962730628997122,30,False,True
GABRIEL,146,0.6970613656006914,128,1,0.00141302259753818,30,False,True
GABRIEL,147,0.7134831460674157,128,1,0.0013886305567363917,30,False,True
GABRIEL,148,0.6041486603284356,128,1,0.03329006418901636,30,False,True
GABRIEL,149,0.7104580812445981,128,1,0.0011948442178619707,30,False,True
GABRIEL,150,0.6041486603284356,128,1,0.019251993058263788,30,False,True
GABRIEL,151,0.6992221261884183,128,1,0.0011922940048174808,30,False,True
GABRIEL,152,0.719533275713051,128,1,0.0011294513302054121,30,False,True
GABRIEL,153,0.7082973206568712,128,1,0.0010047786666842874,30,False,True
GABRIEL,154,0.7147796024200519,128,1,0.001088912479441128,30,False,True
GABRIEL,155,0.7065687121866897,128,1,0.0013126231892100068,30,False,True
GABRIEL,156,0.6779475982532751,128,1,0.001314289848612781,30,True,True
GABRIEL,157,0.7070008643042351,128,1,0.0016283712312308047,30,False,True
GABRIEL,158,0.7065687121866897,128,1,0.0016514217584790633,30,False,True
GABRIEL,159,0.7039757994814174,128,1,0.0015018173629670695,30,False,True
GABRIEL,160,0.7035436473638721,128,1,0.0011067464091526413,30,False,True
GABRIEL,161,0.7169403630077787,128,1,0.0010895185069063789,30,False,True
GABRIEL,162,0.7052722558340536,128,1,0.0011286544381094155,30,False,True
GABRIEL,163,0.7134831460674157,128,1,0.0012155775347529383,30,False,True
GABRIEL,164,0.7013828867761452,128,1,0.0010012618951260176,30,False,True
GABRIEL,165,0.6041486603284356,128,1,0.011201237275293707,30,False,True
GABRIEL,166,0.7121866897147796,128,1,0.0012396710980275738,30,False,True
GABRIEL,167,0.719533275713051,128,1,0.0012243938619239832,30,False,True
GABRIEL,168,0.6992221261884183,128,1,0.0013913771861869485,30,False,True
GABRIEL,169,0.6754537597234227,128,1,0.001420536124950379,30,False,True
GABRIEL,170,0.7216940363007779,128,1,0.0010927840577580367,30,False,True
GABRIEL,171,0.6832324978392394,128,1,0.004191845798607654,30,False,True
GABRIEL,172,0.7095937770095073,128,1,0.0011613630030578822,30,False,True
GABRIEL,173,0.7165082108902333,128,1,0.001109240483699675,30,False,True
GABRIEL,174,0.7121866897147796,128,1,0.0010916030554369602,30,False,True
GABRIEL,175,0.6957649092480553,128,1,0.001081387803628156,30,False,True
GABRIEL,176,0.716076058772688,128,1,0.0010057098670421473,30,False,True
GABRIEL,177,0.7260155574762316,128,1,0.0010006549470908783,30,False,True
GABRIEL,178,0.6123595505617978,128,2,0.0012877680975510984,30,False,True
GABRIEL,179,0.7117545375972342,128,1,0.0013094412586602052,30,False,True
GABRIEL,180,0.6983578219533275,128,1,0.0012389194862104064,30,False,True
GABRIEL,181,0.7112445414847162,128,1,0.0010078497726749137,30,True,True
GABRIEL,182,0.716076058772688,128,1,0.0011317593064339231,30,False,True
GABRIEL,183,0.7147796024200519,128,1,0.0011435862737774064,30,False,True
GABRIEL,184,0.7082973206568712,128,1,0.0011374631481310417,30,False,True
GABRIEL,185,0.7182368193604148,128,1,0.00100867077663481,30,False,True
GABRIEL,186,0.7031114952463267,128,1,0.0010031817860288934,30,False,True
GABRIEL,187,0.7212618841832324,128,1,0.0015067499687265928,30,False,True
GABRIEL,188,0.6949006050129646,128,1,0.0014953669022172147,30,False,True
GABRIEL,189,0.6923076923076923,128,1,0.0015307814076260056,30,False,True
GABRIEL,190,0.702247191011236,128,1,0.0018045666731334581,30,False,True
GABRIEL,191,0.7104580812445981,128,1,0.0017492612890062632,30,False,True
GABRIEL,192,0.7070008643042351,128,1,0.0012042392210678378,30,False,True
GABRIEL,193,0.7143474503025065,128,1,0.0012033484947824124,30,False,True
GABRIEL,194,0.7182368193604148,128,1,0.001342794737722877,30,False,True
GABRIEL,195,0.7108902333621435,128,1,0.0013629904624455414,30,False,True
GABRIEL,196,0.702247191011236,128,1,0.0010928270451580637,30,False,True
GABRIEL,197,0.7139152981849611,128,1,0.0010838737642515194,30,False,True
GABRIEL,198,0.7169403630077787,128,1,0.0010754149298363618,30,False,True
GABRIEL,199,0.7095937770095073,128,1,0.0010039765160954242,30,False,True
RNG,0,0.5,128,2,0.05503510129879436,20,True,False
RNG,1,0.6041486603284356,256,2,0.03410740685841727,10,False,True
RNG,2,0.5005458515283843,128,1,0.04168390680549393,20,True,True
RNG,3,0.5,256,1,0.06570690867513959,20,True,True
RNG,4,0.49945414847161573,128,1,0.00973666589235998,30,True,False
RNG,5,0.6041486603284356,128,1,0.019498514749444265,30,False,True
RNG,6,0.5,128,2,0.065342983362432,10,True,False
RNG,7,0.6041486603284356,256,1,0.00861942485167685,30,False,True
RNG,8,0.6041486603284356,128,2,0.02004784283333107,30,False,False
RNG,9,0.5,256,2,0.0025963587244862405,30,True,False
RNG,10,0.6041486603284356,256,2,0.04512327917395837,10,False,False
RNG,11,0.6041486603284356,256,2,0.0013191783850386584,10,False,True
RNG,12,0.6041486603284356,256,1,0.018758703942191413,10,False,True
RNG,13,0.6041486603284356,256,1,0.018739844415351026,10,False,True
RNG,14,0.6041486603284356,128,1,0.02422373012725519,30,False,True
RNG,15,0.6780466724286949,128,1,0.006006939117929655,30,False,True
RNG,16,0.6041486603284356,128,2,0.00427359953854934,30,False,True
RNG,17,0.6041486603284356,256,1,0.09690681137182369,10,False,True
RNG,18,0.6041486603284356,256,2,0.004158578106218822,10,False,True
RNG,19,0.6041486603284356,128,2,0.00521484396697998,10,False,True
RNG,20,0.6041486603284356,128,2,0.006084945900468732,20,False,True
RNG,21,0.6944684528954191,128,1,0.0018613020000844045,20,False,True
RNG,22,0.6041486603284356,128,1,0.029936397558008684,30,False,True
RNG,23,0.6041486603284356,128,1,0.013312851934869948,30,False,True
RNG,24,0.7281763180639585,128,1,0.0010562521976662756,20,False,True
RNG,25,0.7134831460674157,128,1,0.0012196871338071803,20,False,True
RNG,26,0.7070008643042351,128,1,0.001269334992759695,20,False,True
RNG,27,0.7104580812445981,128,1,0.0010193933363764865,20,False,True
RNG,28,0.6927398444252377,128,1,0.0010487049302442364,20,False,True
RNG,29,0.7130509939498704,128,1,0.0010469132968987764,20,False,True
RNG,30,0.6572052401746725,128,1,0.002706942203283314,20,True,False
RNG,31,0.7139152981849611,128,1,0.0018206627536694329,20,False,True
RNG,32,0.6923076923076923,128,1,0.0017618280283740973,20,False,True
RNG,33,0.6871218668971478,128,1,0.001807740740036762,20,False,True
RNG,34,0.6957649092480553,128,1,0.0018759632717582756,20,False,True
RNG,35,0.6940363007778738,128,1,0.0026193981600595028,20,False,True
RNG,36,0.6970524017467249,128,1,0.0026593369299422304,20,True,True
RNG,37,0.7068777292576419,128,1,0.0014063492492406657,20,True,True
RNG,38,0.6817685589519651,128,1,0.001344140612566167,20,True,True
RNG,39,0.7152117545375972,128,1,0.0014538278255233836,20,False,False
RNG,40,0.6555747623163354,128,1,0.0034067893726255506,20,False,False
RNG,41,0.6957649092480553,128,1,0.0021529011425249663,20,False,False
RNG,42,0.7191011235955056,128,1,0.0010025259860601268,20,False,False
RNG,43,0.7130509939498704,128,1,0.001047610112160291,20,False,False
RNG,44,0.700086430423509,128,1,0.0013387812051312725,20,False,False
RNG,45,0.7044079515989629,128,1,0.001515711006656418,20,False,False
RNG,46,0.7052722558340536,128,1,0.0015625727064849573,20,False,False
RNG,47,0.709161624891962,128,1,0.002170046910888156,20,False,False
RNG,48,0.6996542783059637,128,1,0.0021769267783200374,20,False,False
RNG,49,0.6217248908296943,128,1,0.003188880448940722,20,True,False
RNG,50,0.6588427947598253,128,1,0.003380816152597621,20,True,False
RNG,51,0.7169403630077787,256,1,0.0012300939245763853,20,False,False
RNG,52,0.7100259291270528,128,1,0.001145349935208075,20,False,False
RNG,53,0.7186689714779603,256,1,0.0011724036300517083,20,False,False
RNG,54,0.7199654278305964,256,1,0.001507842708787246,20,False,False
RNG,55,0.7191011235955056,256,1,0.0015806033116095978,20,False,False
RNG,56,0.7061365600691444,256,1,0.0015438795345049665,20,False,False
RNG,57,0.7281763180639585,256,1,0.0016709608266662732,20,False,False
RNG,58,0.7082973206568712,256,1,0.0012130829920956106,20,False,False
RNG,59,0.6041486603284356,256,1,0.007955088770282942,10,False,False
RNG,60,0.668971477960242,256,1,0.0022823563491283835,10,False,False
RNG,61,0.6041486603284356,256,1,0.013225018651852966,30,False,False
RNG,62,0.6996542783059637,256,1,0.002207013970882466,20,False,False
RNG,63,0.6983578219533275,256,1,0.0016900844355603893,20,False,False
RNG,64,0.7057044079515989,256,1,0.0016390569133267758,20,False,False
RNG,65,0.7070008643042351,256,1,0.0010073133536065413,20,False,False
RNG,66,0.7234226447709594,256,1,0.001157293548596101,20,False,False
RNG,67,0.7074330164217805,256,1,0.0011819256856026735,20,False,False
RNG,68,0.716076058772688,256,1,0.0011751364004597938,20,False,False
RNG,69,0.6577355229040622,256,2,0.00197368302742135,20,False,False
RNG,70,0.6041486603284356,256,2,0.0019132985334752758,30,False,False
RNG,71,0.7018150388936906,256,1,0.0014465493790977012,30,False,False
RNG,72,0.7031114952463267,256,1,0.0013427236262108315,20,False,False
RNG,73,0.7078651685393258,256,1,0.001141441822009306,20,False,False
RNG,74,0.700086430423509,256,1,0.0011343016066948453,20,False,False
RNG,75,0.7173725151253241,256,1,0.001013190812434831,20,False,False
RNG,76,0.7074330164217805,256,1,0.001012774746173435,20,False,False
RNG,77,0.7009507346585998,256,1,0.0013301960794423532,20,False,False
RNG,78,0.6871218668971478,256,1,0.0013588289156424036,20,False,False
RNG,79,0.6936041486603285,256,1,0.0016519873309745283,20,False,False
RNG,80,0.6730349344978166,256,1,0.001644921536913795,10,True,False
RNG,81,0.6588427947598253,256,1,0.002488360988125821,10,True,False
RNG,82,0.7216940363007779,256,1,0.001184953085223865,20,False,False
RNG,83,0.7156439066551427,256,1,0.0012320785780217446,20,False,False
RNG,84,0.698789974070873,256,1,0.0011047701789510098,20,False,False
RNG,85,0.7070008643042351,256,1,0.0010041373246264121,20,False,False
RNG,86,0.7152117545375972,256,1,0.0010006361483979656,20,False,False
RNG,87,0.7117545375972342,256,1,0.0014888168183321148,20,False,False
RNG,88,0.6041486603284356,256,1,0.0973846758697663,20,False,False
RNG,89,0.6041486603284356,256,1,0.03585860134160614,20,False,False
RNG,90,0.6041486603284356,256,1,0.051170488928869835,20,False,False
RNG,91,0.6737251512532412,256,1,0.0019907540414583623,20,False,False
RNG,92,0.7268798617113224,256,1,0.001251215076469404,20,False,False
RNG,93,0.6901469317199654,256,1,0.001322435282799227,20,False,False
RNG,94,0.6862575626620571,256,1,0.001381441045180629,20,False,False
RNG,95,0.716076058772688,256,1,0.0014204940275713976,20,False,False
RNG,96,0.7078651685393258,256,1,0.0014805546621910154,20,False,False
RNG,97,0.6737251512532412,256,1,0.0029641162211799274,20,False,False
RNG,98,0.7013828867761452,256,1,0.0017814515601568535,20,False,False
RNG,99,0.6914433880726015,256,1,0.0017656521961970852,20,False,False
RNG,100,0.7234226447709594,256,1,0.0011173181921865505,20,False,False
RNG,101,0.7013828867761452,256,1,0.0011292528166046232,20,False,True
RNG,102,0.6996542783059637,256,1,0.0011234711214891933,20,False,False
RNG,103,0.7108902333621435,256,1,0.001266949357192674,20,False,False
RNG,104,0.7152117545375972,256,1,0.001251910653765256,20,False,False
RNG,105,0.668971477960242,256,1,0.0015830463166701552,20,False,False
RNG,106,0.7005185825410545,256,1,0.0015164486125006716,20,False,False
RNG,107,0.7165082108902333,256,1,0.001092529259158477,30,False,False
RNG,108,0.7082973206568712,256,1,0.0011038959994598774,30,False,False
RNG,109,0.6041486603284356,256,1,0.08497322400538532,20,False,True
RNG,110,0.6676750216076058,256,1,0.002017082099293767,20,False,False
RNG,111,0.6839519650655022,256,1,0.001229908821302912,20,True,False
RNG,112,0.7139152981849611,256,1,0.001242687355685812,20,False,False
RNG,113,0.7087294727744166,256,1,0.0012051779875847362,20,False,False
RNG,114,0.709161624891962,256,1,0.001200271543458037,20,False,False
RNG,115,0.6832324978392394,256,1,0.0014238350908628798,20,False,False
RNG,116,0.7070008643042351,256,1,0.001422420588399959,20,False,False
RNG,117,0.7061365600691444,256,1,0.0016341413946347192,20,False,False
RNG,118,0.6676750216076058,128,1,0.001630913899062691,10,False,False
RNG,119,0.722990492653414,128,1,0.001066598195692804,10,False,True
RNG,120,0.7057044079515989,256,1,0.001088758767017575,20,False,True
RNG,121,0.7113223854796888,128,1,0.0010687710228381362,10,False,True
RNG,122,0.7221261884183232,128,1,0.0010503951964820411,10,False,True
RNG,123,0.6936041486603285,128,1,0.001304087451703504,10,False,True
RNG,124,0.691875540190147,128,1,0.0012975292776843457,10,False,True
RNG,125,0.6663785652549697,128,1,0.004314185025262183,10,False,True
RNG,126,0.6404494382022472,128,1,0.004277039916124559,10,False,True
RNG,127,0.7178046672428695,128,1,0.0010107985957820021,10,False,True
RNG,128,0.6948689956331878,128,1,0.00102425834672893,10,True,True
RNG,129,0.527292576419214,128,2,0.0011360843526725588,10,True,True
RNG,130,0.7208297320656871,128,1,0.0010021520807472685,10,False,True
RNG,131,0.7039757994814174,128,1,0.0014789617370913534,10,False,True
RNG,132,0.7182368193604148,128,1,0.0010175431844877177,10,False,True
RNG,133,0.6041486603284356,128,1,0.007545589286284143,10,False,True
RNG,134,0.7074330164217805,128,1,0.0011662190821127905,10,False,True
RNG,135,0.6041486603284356,128,1,0.021618650082327995,10,False,True
RNG,136,0.6041486603284356,128,1,0.014440385900417355,10,False,True
RNG,137,0.6041486603284356,128,1,0.012675162253865491,10,False,True
RNG,138,0.7018150388936906,128,1,0.0013452452574197855,10,False,True
RNG,139,0.6836646499567848,128,1,0.0013131823181959617,10,False,True
RNG,140,0.6983578219533275,128,1,0.0010924655496192294,10,False,True
RNG,141,0.6970613656006914,128,1,0.0011044370718686408,10,False,True
RNG,142,0.7156439066551427,128,1,0.0010152869141861658,10,False,True
RNG,143,0.7178046672428695,128,1,0.0010225634736187367,10,False,True
RNG,144,0.7039757994814174,128,1,0.0010064409697015273,10,False,True
RNG,145,0.7078651685393258,128,1,0.001191356668433802,10,False,True
RNG,146,0.7035436473638721,128,1,0.0012198748057450019,10,False,True
RNG,147,0.722990492653414,128,1,0.001206332680486398,10,False,True
RNG,148,0.7130509939498704,128,1,0.0015222096314713165,20,False,True
RNG,149,0.7100259291270528,128,1,0.001387191155001289,30,False,True
RNG,150,0.7100259291270528,128,1,0.0017812759803443568,30,False,True
RNG,151,0.6996542783059637,128,1,0.0017657019693350642,20,False,False
RNG,152,0.7013828867761452,128,1,0.0011584060175613058,10,False,True
RNG,153,0.7108902333621435,128,1,0.0011389584155008091,10,False,True
RNG,154,0.716076058772688,128,1,0.0012720203752382955,10,False,True
RNG,155,0.7173725151253241,128,1,0.0012693532911350126,10,False,True
RNG,156,0.7169403630077787,128,1,0.0010100093991925994,10,False,True
RNG,157,0.6884183232497839,128,1,0.0010046650985985513,20,False,False
RNG,158,0.7061365600691444,256,1,0.0013806609572550455,20,False,False
RNG,159,0.6957649092480553,256,1,0.001378499420769177,20,False,False
RNG,160,0.7009507346585998,256,1,0.0011252412216662096,20,False,False
RNG,161,0.7113223854796888,128,1,0.0011361574957313813,20,False,True
RNG,162,0.7203975799481418,128,1,0.0010890704623969494,10,False,True
RNG,163,0.7100259291270528,128,1,0.0010778531570816998,10,False,True
RNG,164,0.7044079515989629,128,1,0.0012274553373287382,10,False,True
RNG,165,0.7065687121866897,128,1,0.0012410794765482498,10,False,True
RNG,166,0.6789109766637856,128,1,0.0015379381956772793,10,False,True
RNG,167,0.7221261884183232,128,1,0.0010930778396396083,10,False,True
RNG,168,0.726447709593777,256,1,0.0010940475255986513,10,False,False
RNG,169,0.7121866897147796,256,1,0.0014661054243748988,20,False,False
RNG,170,0.7212618841832324,256,1,0.001170709154793581,10,False,False
RNG,171,0.7074330164217805,256,1,0.0013062328412740765,20,False,False
RNG,172,0.7126188418323249,256,1,0.0011297842464652883,10,False,False
RNG,173,0.7247191011235955,256,1,0.0011728417090229575,10,False,False
RNG,174,0.7117545375972342,256,1,0.0011985906242517547,10,False,False
RNG,175,0.7152117545375972,256,1,0.0011902340403360232,10,False,False
RNG,176,0.7026793431287813,256,1,0.0013368858236618483,10,False,False
RNG,177,0.7078651685393258,256,1,0.0013194662205307827,10,False,False
RNG,178,0.5,256,2,0.0015778124645646516,10,True,False
RNG,179,0.5245633187772926,256,2,0.0011078655762988018,10,True,False
RNG,180,0.719533275713051,256,1,0.0010863225533822274,10,False,False
RNG,181,0.7082973206568712,256,1,0.0014309662554860723,10,False,False
RNG,182,0.7078651685393258,256,1,0.0010742563847891365,10,False,False
RNG,183,0.7225583405358686,256,1,0.0010832317565430203,10,False,False
RNG,184,0.7044079515989629,256,1,0.0012165410017060969,10,False,False
RNG,185,0.7117545375972342,256,1,0.0010865265151197246,10,False,False
RNG,186,0.7108902333621435,256,1,0.0010011445565415889,10,False,False
RNG,187,0.7186689714779603,256,1,0.001004936526593231,10,False,False
RNG,188,0.7061365600691444,256,1,0.0011398965352238258,10,False,False
RNG,189,0.7277441659464131,256,1,0.0011803528493027644,10,False,False
RNG,190,0.6957649092480553,256,1,0.0012682044249415624,10,False,False
RNG,191,0.7346585998271391,256,1,0.001265149572089208,10,False,False
RNG,192,0.7126188418323249,256,1,0.0011058303741827173,10,False,False
RNG,193,0.7061365600691444,256,1,0.0011950198391487627,10,False,False
RNG,194,0.6949006050129646,256,1,0.0013147437067685258,10,False,False
RNG,195,0.709161624891962,256,1,0.0013105218622976457,10,False,False
RNG,196,0.6974935177182369,256,1,0.0014171944511461828,10,False,False
RNG,197,0.7087294727744166,256,1,0.0014342563790342652,10,False,False
RNG,198,0.7139152981849611,256,1,0.001211489843234079,10,False,False
RNG,199,0.7057044079515989,256,1,0.0011814044980330376,10,False,False
MST,0,0.6041486603284356,128,2,0.003497958497381823,20,False,False
MST,1,0.6041486603284356,256,2,0.005808145003657397,20,False,False
MST,2,0.6041486603284356,128,1,0.01811949145673902,10,False,False
MST,3,0.5,128,1,0.036148378360894746,20,True,False
MST,4,0.6041486603284356,128,1,0.08585112127511668,10,False,True
MST,5,0.5,128,1,0.08602503253002722,30,True,False
MST,6,0.7014192139737991,128,1,0.0016080795163435887,20,True,False
MST,7,0.6041486603284356,128,1,0.018982647278593112,10,False,False
MST,8,0.5,256,1,0.01615900200696849,30,True,True
MST,9,0.5,128,1,0.03169924708125628,20,True,False
MST,10,0.6486603284356093,128,1,0.0019704816159978157,20,False,True
MST,11,0.5354803493449781,256,2,0.0010042098030840325,20,True,True
MST,12,0.540938864628821,256,2,0.001036738916431128,20,True,True
MST,13,0.7079694323144105,128,1,0.0012094834849348019,20,True,True
MST,14,0.7044079515989629,128,1,0.0022608832387187245,20,False,True
MST,15,0.6817685589519651,128,1,0.0023632386732993053,30,True,True
MST,16,0.6858254105445116,128,1,0.004689454747094596,30,False,True
MST,17,0.6387208297320657,128,1,0.005397732504950951,20,False,True
MST,18,0.6041486603284356,128,2,0.003907202182604863,20,False,True
MST,19,0.5,256,2,0.008028720244367703,20,True,True
MST,20,0.5,256,1,0.00868151409989841,10,True,True
MST,21,0.648471615720524,128,1,0.0022946236291421646,10,True,True
MST,22,0.6604803493449781,128,1,0.0017351064666461227,20,True,False
MST,23,0.6724890829694323,128,1,0.0014742881098506904,20,True,False
MST,24,0.6926855895196506,128,1,0.0015039555501575733,20,True,False
MST,25,0.6801310043668122,128,1,0.0030569997903690184,20,True,True
MST,26,0.6730349344978166,128,1,0.0030015285282773887,20,True,True
MST,27,0.7199654278305964,128,1,0.0013428743571400278,20,False,True
MST,28,0.682800345721694,128,1,0.0012428341551745767,20,False,True
MST,29,0.709161624891962,128,1,0.0012522617546157648,30,False,True
MST,30,0.6041486603284356,128,2,0.002588956328657562,30,False,True
MST,31,0.6810717372515125,128,1,0.0036843866650919837,20,False,True
MST,32,0.7005185825410545,128,1,0.0012604587743207712,30,False,True
MST,33,0.7035436473638721,128,1,0.001274345473098636,30,False,True
MST,34,0.7031114952463267,128,1,0.0020295466082736226,30,False,True
MST,35,0.7052722558340536,128,1,0.0020841260892398242,30,False,True
MST,36,0.7117545375972342,128,1,0.0010494814846929716,20,False,True
MST,37,0.6910112359550562,256,1,0.0011048688909381943,30,False,True
MST,38,0.7126188418323249,256,1,0.0010114484466830361,10,False,True
MST,39,0.7074330164217805,128,1,0.0016352763289024972,10,False,True
MST,40,0.6892826274848747,256,1,0.0016659374095207235,10,False,True
MST,41,0.6041486603284356,256,1,0.01436956548147338,10,False,True
MST,42,0.6888504753673294,256,1,0.0013262380348263677,10,False,True
MST,43,0.7221261884183232,256,1,0.0010052772747699444,10,False,True
MST,44,0.6041486603284356,256,1,0.06325095116081125,10,False,True
MST,45,0.7147796024200519,256,1,0.0010884580588102683,20,False,True
MST,46,0.6970613656006914,256,1,0.0010723652579125757,10,False,True
MST,47,0.7052722558340536,256,1,0.0010021464192552238,10,False,False
MST,48,0.6979256698357822,256,1,0.001869374291812688,10,False,False
MST,49,0.7113223854796888,256,1,0.0010608281086509962,10,False,True
MST,50,0.6041486603284356,256,2,0.024799378510603497,10,False,True
MST,51,0.7057044079515989,256,1,0.0014894169908328287,20,False,True
MST,52,0.6875540190146932,256,1,0.0014637901184827297,10,False,True
MST,53,0.6923076923076923,256,1,0.0014232364076877213,10,False,True
MST,54,0.7152117545375972,256,1,0.0010087838261998235,10,False,True
MST,55,0.7165082108902333,256,1,0.0010476191814110243,10,False,True
MST,56,0.7026793431287813,256,1,0.00283036905720921,20,False,True
MST,57,0.7117545375972342,256,1,0.001834557987747714,10,False,True
MST,58,0.6923076923076923,256,1,0.0018130067311803097,10,False,True
MST,59,0.7074330164217805,256,1,0.0011998003335376792,10,False,True
MST,60,0.6041486603284356,256,1,0.011907167438129092,10,False,True
MST,61,0.6041486603284356,256,1,0.053003771434656566,10,False,False
MST,62,0.7169403630077787,256,1,0.0010100390498210517,20,False,True
MST,63,0.7152117545375972,256,1,0.0010396142993886893,20,False,True
MST,64,0.7143474503025065,256,1,0.0011909177704954848,20,False,True
MST,65,0.7208297320656871,256,1,0.0013305357623686251,20,False,True
MST,66,0.6590319792566983,256,1,0.0014112754352845357,20,False,True
MST,67,0.7018150388936906,256,1,0.0023202133210004114,20,False,True
MST,68,0.7018150388936906,256,1,0.002445252124738088,20,False,True
MST,69,0.7121866897147796,256,1,0.0016415445089319144,20,False,True
MST,70,0.6041486603284356,256,2,0.0016451818453855156,20,False,True
MST,71,0.7018150388936906,256,1,0.0012846908920343578,20,False,True
MST,72,0.7113223854796888,256,1,0.0011527237997231334,20,False,True
MST,73,0.6927398444252377,256,1,0.0011442254137354023,20,False,True
MST,74,0.6702679343128781,256,1,0.006366853966566193,20,False,True
MST,75,0.6041486603284356,256,1,0.006693481631627142,20,False,True
MST,76,0.7074330164217805,256,1,0.0013911721286704174,20,False,True
MST,77,0.7191011235955056,256,1,0.0013717534873998341,20,False,True
MST,78,0.7009507346585998,256,1,0.004224648994135463,20,False,False
MST,79,0.6793431287813311,256,1,0.0020940525653083183,20,False,False
MST,80,0.6979256698357822,256,1,0.0019253213215140357,20,False,True
MST,81,0.7182368193604148,256,1,0.0013434745938435857,20,False,True
MST,82,0.7126188418323249,256,1,0.0010018601109879868,20,False,True
MST,83,0.7152117545375972,256,1,0.001294055690876293,20,False,True
MST,84,0.7052722558340536,256,1,0.0013228060955408451,20,False,True
MST,85,0.7005185825410545,256,1,0.0016139508546697174,20,False,True
MST,86,0.6872270742358079,256,1,0.0014689564686767513,20,True,True
MST,87,0.7074330164217805,256,1,0.0015824546198543762,20,False,True
MST,88,0.7277441659464131,256,1,0.0011432804539349304,10,False,True
MST,89,0.6815038893690579,256,1,0.0011592394702436264,10,False,True
MST,90,0.7100259291270528,256,1,0.0011730629753582567,10,False,True
MST,91,0.6041486603284356,256,1,0.09901135818600987,10,False,True
MST,92,0.7061365600691444,256,1,0.001017980762663147,10,False,True
MST,93,0.7035436473638721,256,1,0.0013549052939355725,10,False,True
MST,94,0.6966292134831461,256,1,0.0013307264490213038,10,False,True
MST,95,0.6819360414866033,256,1,0.0011200512894515078,10,False,True
MST,96,0.7260155574762316,256,1,0.0011384573529425101,20,False,True
MST,97,0.6610262008733624,256,1,0.0017935293258594615,20,True,True
MST,98,0.6959606986899564,128,1,0.001782632484838722,30,True,True
MST,99,0.7039757994814174,128,1,0.0014959754925718328,30,False,True
MST,100,0.6607605877268798,256,1,0.002124022609238332,10,False,True
MST,101,0.7039757994814174,256,1,0.001223632261489718,10,False,True
MST,102,0.7026793431287813,256,1,0.001128401377569217,20,False,True
MST,103,0.7082973206568712,256,1,0.0012262100669960425,20,False,True
MST,104,0.7095937770095073,256,1,0.001022351409252768,20,False,True
MST,105,0.7277441659464131,256,1,0.0010730324139535759,20,False,True
MST,106,0.7035436473638721,256,1,0.0014808162454782075,20,False,True
MST,107,0.7139152981849611,256,1,0.0015292180559252095,20,False,True
MST,108,0.6050129645635264,256,2,0.0013702168832388797,20,False,True
MST,109,0.6996542783059637,256,1,0.0011043587871806936,20,False,False
MST,110,0.6944684528954191,256,1,0.0011010113444778077,10,False,False
MST,111,0.6910112359550562,128,1,0.0012524666862549323,10,False,True
MST,112,0.7052722558340536,256,1,0.0010020991909521326,20,False,True
MST,113,0.7143474503025065,256,1,0.0010366944412416436,20,False,True
MST,114,0.7260155574762316,256,1,0.0012360850904273523,20,False,True
MST,115,0.7152117545375972,256,1,0.0012414058585767517,20,False,True
MST,116,0.7044079515989629,256,1,0.0013428964971060771,20,False,True
MST,117,0.6871218668971478,256,1,0.001692607211227695,20,False,True
MST,118,0.6041486603284356,256,1,0.021398981803978145,20,False,True
MST,119,0.7251512532411409,256,1,0.00169754733650694,20,False,True
MST,120,0.7199654278305964,256,1,0.001149089923099329,20,False,True
MST,121,0.7078651685393258,256,1,0.0019473783786670357,20,False,True
MST,122,0.6905790838375108,256,1,0.0013957735151033904,20,False,True
MST,123,0.7065687121866897,256,1,0.0015737205627043285,20,False,True
MST,124,0.7173725151253241,256,1,0.0011756535435064341,20,False,True
MST,125,0.6944684528954191,256,1,0.0011807674273680746,20,False,True
MST,126,0.7070008643042351,256,1,0.0011809196461194864,20,False,True
MST,127,0.6974935177182369,256,1,0.0013001073965458363,20,False,True
MST,128,0.7018150388936906,128,1,0.0013848032306850392,20,False,True
MST,129,0.6745894554883319,128,1,0.0017324083478660283,20,False,True
MST,130,0.6776145203111495,256,1,0.0015427931789605462,20,False,True
MST,131,0.7018150388936906,256,1,0.001722308122029997,20,False,True
MST,132,0.7238547968885047,256,1,0.0010821950781863877,20,False,True
MST,133,0.7074330164217805,256,1,0.0011394756280102374,20,False,True
MST,134,0.7026793431287813,256,1,0.0011643250272921095,20,False,True
MST,135,0.7216940363007779,256,1,0.0012485690731562722,20,False,True
MST,136,0.716076058772688,256,1,0.0012948152485426274,20,False,True
MST,137,0.49945414847161573,256,1,0.03164080659623866,20,True,True
MST,138,0.6966292134831461,256,1,0.0014557084255157067,20,False,True
MST,139,0.6823681936041487,256,1,0.0014887368536371833,20,False,True
MST,140,0.7104580812445981,256,1,0.0012479785261320009,20,False,True
MST,141,0.6041486603284356,256,1,0.010704976887227756,20,False,True
MST,142,0.7186689714779603,256,1,0.0010824946585300903,20,False,True
MST,143,0.7100259291270528,256,1,0.0011086117758361779,20,False,True
MST,144,0.7113223854796888,256,1,0.0011168559806615673,20,False,True
MST,145,0.7173725151253241,256,1,0.0013335626040142023,20,False,True
MST,146,0.6849611063094209,256,1,0.0012563163797705923,20,False,True
MST,147,0.7178046672428695,256,1,0.0012566079682691238,20,False,True
MST,148,0.6983578219533275,256,1,0.0015949792401571666,20,False,True
MST,149,0.7100259291270528,256,1,0.0015889664778181499,30,False,True
MST,150,0.7247191011235955,256,1,0.0014126855340233931,30,False,False
MST,151,0.6992221261884183,128,1,0.001391982809919027,20,False,False
MST,152,0.7082973206568712,256,1,0.0014039351742776564,30,False,False
MST,153,0.700086430423509,256,1,0.0010043722245949142,30,False,False
MST,154,0.719533275713051,256,1,0.0010840544076085854,30,False,False
MST,155,0.6784788245462403,256,1,0.005160719298412459,30,False,False
MST,156,0.6041486603284356,256,2,0.0012414545090543667,30,False,False
MST,157,0.6045808124459809,256,2,0.0010818851733246984,30,False,False
MST,158,0.7290406222990493,256,1,0.0010679963733266629,30,False,False
MST,159,0.7096069868995634,256,1,0.0010981604332822466,30,True,False
MST,160,0.709161624891962,256,1,0.0010995106497100828,30,False,False
MST,161,0.7173725151253241,256,1,0.00109243902207989,30,False,False
MST,162,0.7061365600691444,256,1,0.0012005108579533086,30,False,False
MST,163,0.7026793431287813,256,1,0.0012058506135254848,30,False,False
MST,164,0.7294727744165946,256,1,0.0010047055138429543,30,False,False
MST,165,0.7121866897147796,256,1,0.0013363943149725325,30,False,False
MST,166,0.6875540190146932,256,1,0.0014600116680407223,30,False,False
MST,167,0.722990492653414,256,1,0.0010541749587816784,30,False,False
MST,168,0.7186689714779603,256,1,0.0010011149336464796,30,False,False
MST,169,0.7048401037165082,128,1,0.001009179736400439,30,False,False
MST,170,0.7242869490060502,128,1,0.0010045203654766987,30,False,False
MST,171,0.7057044079515989,256,1,0.0011766070789595926,30,False,False
MST,172,0.7260155574762316,128,1,0.0011601559802890506,30,False,False
MST,173,0.7143474503025065,128,1,0.0011241315240592077,30,False,False
MST,174,0.7134831460674157,128,1,0.001000477663612036,30,False,False
MST,175,0.6974935177182369,128,1,0.0010001521207936208,30,False,False
MST,176,0.719533275713051,128,1,0.0012298299463332862,30,False,False
MST,177,0.7191011235955056,128,1,0.0012131791795986942,30,False,False
MST,178,0.7044079515989629,128,1,0.001123783484619591,30,False,False
MST,179,0.6041486603284356,128,1,0.008446822200559657,30,False,False
MST,180,0.6529818496110631,128,1,0.014918956226389436,30,False,False
MST,181,0.7121866897147796,128,1,0.0013067372947892818,30,False,False
MST,182,0.709161624891962,128,1,0.001272694663061793,30,False,False
MST,183,0.7108902333621435,128,1,0.001202142814632602,30,False,False
MST,184,0.7104580812445981,128,1,0.001100858495161294,30,False,False
MST,185,0.6944684528954191,128,1,0.0011387654187979706,30,False,False
MST,186,0.7203975799481418,128,1,0.0010949079381498998,30,False,False
MST,187,0.7108902333621435,128,1,0.001435955770361905,30,False,False
MST,188,0.7039757994814174,128,1,0.0014281118455297347,30,False,False
MST,189,0.7106986899563319,256,1,0.0010675513040682805,30,True,False
MST,190,0.7082973206568712,256,1,0.0013311524006638022,30,False,False
MST,191,0.7173725151253241,256,1,0.0010007135920680826,30,False,False
MST,192,0.7147796024200519,128,1,0.0012063856547507796,30,False,False
MST,193,0.7074330164217805,128,1,0.0012096764311875622,30,False,False
MST,194,0.7044079515989629,128,1,0.0011542970692543404,30,False,False
MST,195,0.7108902333621435,128,1,0.0011071914814532115,30,False,False
MST,196,0.68971477960242,128,1,0.0034566996112791533,30,False,False
MST,197,0.7152117545375972,128,1,0.00128716351938564,30,False,False
MST,198,0.7173725151253241,256,1,0.00128791961305615,30,False,False
MST,199,0.7346585998271391,256,1,0.001111160285051427,30,False,False
