model,DeepSets-matched,DeepSets-tuned,GCN-CLOSEST,GCN-DELAUNAY,GCN-GABRIEL,GCN-MST,GCN-QB-CLOSEST,GCN-RNG,MLP-concat_raw-tuned,MLP-concat_team_role-tuned,MLP-concat_team_y-tuned,MLP-concat_xy-tuned,MLP-mean-default,MLP-mean-tuned,MLP-stats-tuned,MLP-stats_team-tuned,RF-concat_raw-tuned,RF-concat_team_role-tuned,RF-concat_team_y-tuned,RF-concat_xy-tuned,RF-mean-default,RF-mean-tuned,RF-stats-tuned,RF-stats_team-tuned,SAGE-CLOSEST,SAGE-DELAUNAY,SAGE-GABRIEL,SAGE-MST,SAGE-QB-CLOSEST,SAGE-RNG
DeepSets-matched,1.0,0.5608090326026298,0.9996316986657025,0.998730677142189,0.9999998703708234,0.9999999338162733,0.9999998703708234,0.9999999999024656,1.7763568394002505e-15,0.9997658847562427,0.01771333153979071,0.015783891240396364,0.0,6.385552087095903e-10,4.781903240047569e-07,0.01324460153801299,3.1945557310564254e-12,0.5856738689136651,4.9646813971016e-06,0.00024647335907101997,2.0478507778420862e-11,2.0478507778420862e-11,2.6603952263393182e-08,0.006384649817771537,0.933792311085107,0.8929993989976621,0.9982846042472142,0.9993293227727129,0.899639409556878,0.8714262052568484
DeepSets-tuned,0.5608090326026298,1.0,0.005283815499603661,0.003254312737510312,0.035342576651415714,0.03927774190370836,0.035342576651415714,0.086745107603872,0.0,0.006187562547800174,4.055611180220353e-09,3.294438943868272e-09,0.0,0.0,0.0,2.4079782612318468e-09,0.0,1.33018202547186e-05,8.881784197001252e-15,3.3884006711559778e-12,0.0,0.0,0.0,6.738185565069443e-10,0.9999999999999786,0.9999999999999999,0.9999997890726302,0.999998711565484,0.9999999999999998,1.0
GCN-CLOSEST,0.9996316986657025,0.005283815499603661,1.0,1.0,0.9999999999999999,0.9999999999999992,0.9999999999999999,0.9999999999782687,5.14733589085381e-10,1.0,0.7922681704958434,0.7719679893152465,3.2300384589234454e-11,1.3874480431552705e-05,0.0021104569774333948,0.7399263131919769,2.0528373312345138e-07,0.999998038368274,0.011082190209485976,0.13253985853465622,9.115328402087286e-07,9.115328402087286e-07,0.00024647335907101997,0.5980686734226281,0.04955124422958157,0.03441448473935649,0.22274707430781993,0.2760179355810909,0.03629253565107582,0.029282709300712306
GCN-DELAUNAY,0.998730677142189,0.003254312737510312,1.0,1.0,0.9999999999999573,0.9999999999998395,0.9999999999999573,0.9999999992294083,1.1499410312865166e-09,1.0,0.859713089725513,0.8431490328785641,7.519251887799783e-11,2.5925773983082046e-05,0.003474823666783866,0.8163327038495095,4.158539306242659e-07,0.9999997890726302,0.01721200302274195,0.18042178971088574,1.797283146864892e-06,1.797283146864892e-06,0.0004310718647035916,0.6888118048521825,0.033507853742292815,0.022851794742044684,0.16656588906948444,0.21058471129991885,0.0241605783063662,0.01929721529017714
GCN-GABRIEL,0.9999998703708234,0.035342576651415714,0.9999999999999999,0.9999999999999573,1.0,1.0,1.0,1.0,1.3705037105182782e-11,1.0,0.40873457819598225,0.3857903447834724,7.192024753521764e-13,7.945835572842341e-07,0.00020392127649948577,0.3524804736087719,8.33691626844768e-09,0.9984072971727078,0.0013526255542500865,0.026980142941287477,4.156082822337481e-08,4.156082822337481e-08,1.8605510855862484e-05,0.23537451052653802,0.21058471129991885,0.15993929022601305,0.5794646918811103,0.653141175220098,0.16656588906948444,0.14124028380224696
GCN-MST,0.9999999338162733,0.03927774190370836,0.9999999999999992,0.9999999999998395,1.0,1.0,1.0,1.0,1.0881517908956084e-11,0.9999999999999999,0.3857903447834724,0.36342676671763174,5.648814749292796e-13,6.611288644320368e-07,0.00017503494657866714,0.3310903219113064,6.793128504156698e-09,0.9978658937752444,0.001176850654341477,0.0241605783063662,3.410505766687777e-08,3.410505766687777e-08,1.5739129315739397e-05,0.21864123281915382,0.22690460520843536,0.1733928005557256,0.6042511203332808,0.6770415179206895,0.18042178971088496,0.15351100374368631
GCN-QB-CLOSEST,0.9999998703708234,0.035342576651415714,0.9999999999999999,0.9999999999999573,1.0,1.0,1.0,1.0,1.3705037105182782e-11,1.0,0.40873457819598225,0.3857903447834724,7.192024753521764e-13,7.945835572842341e-07,0.00020392127649948577,0.3524804736087719,8.33691626844768e-09,0.9984072971727078,0.0013526255542500865,0.026980142941287477,4.156082822337481e-08,4.156082822337481e-08,1.8605510855862484e-05,0.23537451052653802,0.21058471129991885,0.15993929022601305,0.5794646918811103,0.653141175220098,0.16656588906948444,0.14124028380224696
GCN-RNG,0.9999999999024656,0.086745107603872,0.9999999999782687,0.9999999992294083,1.0,1.0,1.0,1.0,1.6648904477278847e-12,0.9999999999942871,0.2269046052084368,0.2105847112999193,7.882583474838611e-14,1.470319129781572e-07,4.976732700656683e-05,0.1876543706297854,1.278838812623917e-09,0.9846685700012653,0.0003718951329115816,0.009531955959003802,6.793128504156698e-09,6.793128504156698e-09,3.991011197856942e-06,0.11385543132490539,0.3857903447834714,0.3104065728214811,0.7872776253136442,0.8431490328785636,0.32065764246560013,0.28078509416309316
MLP-concat_raw-tuned,1.7763568394002505e-15,0.0,5.14733589085381e-10,1.1499410312865166e-09,1.3705037105182782e-11,1.0881517908956084e-11,1.3705037105182782e-11,1.6648904477278847e-12,1.0,3.9266789819691894e-10,0.001449534528572105,0.0016633136106838364,1.0,0.9994787307377683,0.7344154916558089,0.0020403049677434337,0.9999999988131837,1.5015283313379868e-06,0.4204049763235014,0.06517053477287893,0.9999996051408714,0.9999996051408714,0.9570316797608859,0.004503753239315289,0.0,0.0,0.0,0.0,0.0,0.0
MLP-concat_team_role-tuned,0.9997658847562427,0.006187562547800174,1.0,1.0,1.0,0.9999999999999999,1.0,0.9999999999942871,3.9266789819691894e-10,1.0,0.7667556191865659,0.7453904901311288,2.4305002455093927e-11,1.1231403178157962e-05,0.0017810162571870736,0.7119322850004701,1.6178751760520527e-07,0.9999961505011032,0.009531955959003802,0.11896807601944803,7.248728429720686e-07,7.248728429720686e-07,0.00020392127649948577,0.567030701266843,0.05620094375403273,0.03927774190370836,0.24405027304740778,0.3003415466472129,0.04138485431024275,0.033507853742292815
MLP-concat_team_y-tuned,0.01771333153979071,4.055611180220353e-09,0.7922681704958434,0.859713089725513,0.40873457819598225,0.3857903447834724,0.40873457819598225,0.2269046052084368,0.001449534528572105,0.7667556191865659,1.0,1.0,0.00023733584349339143,0.35248047360877144,0.9696544711075019,1.0,0.05082431189890935,0.9999917061553207,0.9986299345566485,0.9999999910077617,0.10891845425744062,0.10891845425744062,0.7771264999717657,1.0,1.9575871990085147e-07,1.0007146422630342e-07,4.3559345395127735e-06,7.32768873690226e-06,1.1021244827880139e-07,7.481169994605352e-08
MLP-concat_xy-tuned,0.015783891240396364,3.294438943868272e-09,0.7719679893152465,0.8431490328785641,0.3857903447834724,0.36342676671763174,0.3857903447834724,0.2105847112999193,0.0016633136106838364,0.7453904901311288,1.0,1.0,0.00027594647121464977,0.37453230844257723,0.9747830793371978,1.0,0.05620094375403284,0.9999864901580205,0.9989950562134058,0.9999999958953475,0.11896807601944803,0.11896807601944803,0.7972007190162388,1.0,1.6178751760520527e-07,8.244790905553856e-08,3.6558187943569465e-06,6.166994488965294e-06,9.084336960452077e-08,6.155451104383758e-08
MLP-mean-default,0.0,0.0,3.2300384589234454e-11,7.519251887799783e-11,7.192024753521764e-13,5.648814749292796e-13,7.192024753521764e-13,7.882583474838611e-14,1.0,2.4305002455093927e-11,0.00023733584349339143,0.00027594647121464977,1.0,0.9846685700012652,0.43219628653544173,0.00034529339370070744,0.9999950037066077,1.470319129781572e-07,0.18042178971088496,0.01721200302274184,0.9998234645796266,0.9998234645796266,0.7872776253136449,0.0008270523377262862,0.0,0.0,0.0,0.0,0.0,0.0
MLP-mean-tuned,6.385552087095903e-10,0.0,1.3874480431552705e-05,2.5925773983082046e-05,7.945835572842341e-07,6.611288644320368e-07,7.945835572842341e-07,1.470319129781572e-07,0.9994787307377683,1.1231403178157962e-05,0.35248047360877144,0.37453230844257723,0.9846685700012652,1.0,0.99999998092346,0.408734578195982,0.9999999999967295,0.005454141549197655,0.999966029130367,0.9637580583629372,1.0,1.0,0.9999999999999976,0.5545863310435665,0.0,0.0,4.440892098500626e-16,1.3322676295501878e-15,0.0,0.0
MLP-stats-tuned,4.781903240047569e-07,0.0,0.0021104569774333948,0.003474823666783866,0.00020392127649948577,0.00017503494657866714,0.00020392127649948577,4.976732700656683e-05,0.7344154916558089,0.0017810162571870736,0.9696544711075019,0.9747830793371978,0.43219628653544173,0.99999998092346,1.0,0.9811770956113497,0.9984072971727078,0.17339280055572526,1.0,0.9999997105117839,0.9999020532141153,0.9999020532141153,1.0,0.9951886027944963,4.773959005888173e-14,1.9539925233402755e-14,3.0115909765981996e-12,6.0886851116492835e-12,2.220446049250313e-14,1.3322676295501878e-14
MLP-stats_team-tuned,0.01324460153801299,2.4079782612318468e-09,0.7399263131919769,0.8163327038495095,0.3524804736087719,0.3310903219113064,0.3524804736087719,0.1876543706297854,0.0020403049677434337,0.7119322850004701,1.0,1.0,0.00034529339370070744,0.408734578195982,0.9811770956113497,1.0,0.06517053477287893,0.9999728473479977,0.999382871997319,0.9999999988131837,0.13539281294658256,0.13539281294658256,0.8255281160265833,1.0,1.2135407745361704e-07,6.155451104383758e-08,2.8060259669171472e-06,4.75313043812875e-06,6.786766759692142e-08,4.586406743278815e-08
RF-concat_raw-tuned,3.1945557310564254e-12,0.0,2.0528373312345138e-07,4.158539306242659e-07,8.33691626844768e-09,6.793128504156698e-09,8.33691626844768e-09,1.278838812623917e-09,0.9999999988131837,1.6178751760520527e-07,0.05082431189890935,0.05620094375403284,0.9999950037066077,0.9999999999967295,0.9984072971727078,0.06517053477287893,1.0,0.00020392127649948577,0.9668061890381912,0.5545863310435671,1.0,1.0,0.9999961505011032,0.11385543132490439,0.0,0.0,0.0,0.0,0.0,0.0
RF-concat_team_role-tuned,0.5856738689136651,1.33018202547186e-05,0.999998038368274,0.9999997890726302,0.9984072971727078,0.9978658937752444,0.9984072971727078,0.9846685700012653,1.5015283313379868e-06,0.9999961505011032,0.9999917061553207,0.9999864901580205,1.470319129781572e-07,0.005454141549197655,0.17339280055572526,0.9999728473479977,0.00020392127649948577,1.0,0.4204049763235014,0.9207294835462408,0.0006671620376975662,0.0006671620376975662,0.043589543108390694,0.9996919601779224,0.0002974336733645444,0.00017503494657866714,0.003254312737510312,0.004801969359476743,0.00018895053935419348,0.0001389324229361666
RF-concat_team_y-tuned,4.9646813971016e-06,8.881784197001252e-15,0.011082190209485976,0.01721200302274195,0.0013526255542500865,0.001176850654341477,0.0013526255542500865,0.0003718951329115816,0.4204049763235014,0.009531955959003802,0.9986299345566485,0.9989950562134058,0.18042178971088496,0.999966029130367,1.0,0.999382871997319,0.9668061890381912,0.4204049763235014,1.0,0.9999999999942871,0.9938188356029558,0.9938188356029558,0.999999999684461,0.9999351039041409,1.163513729807164e-12,5.002664948960955e-13,6.009548414454002e-11,1.1740830530015955e-10,5.648814749292796e-13,3.4727776210274897e-13
RF-concat_xy-tuned,0.00024647335907101997,3.3884006711559778e-12,0.13253985853465622,0.18042178971088574,0.026980142941287477,0.0241605783063662,0.026980142941287477,0.009531955959003802,0.06517053477287893,0.11896807601944803,0.9999999910077617,0.9999999958953475,0.01721200302274184,0.9637580583629372,0.9999997105117839,0.9999999988131837,0.5545863310435671,0.9207294835462408,0.9999999999942871,1.0,0.7453904901311288,0.7453904901311288,0.9996316986657025,0.9999999999967295,2.8325075618340634e-10,1.3117196218104255e-10,1.0222521718006305e-08,1.8746310948003497e-08,1.4651724278280653e-10,9.400014100435783e-11
RF-mean-default,2.0478507778420862e-11,0.0,9.115328402087286e-07,1.797283146864892e-06,4.156082822337481e-08,3.410505766687777e-08,4.156082822337481e-08,6.793128504156698e-09,0.9999996051408714,7.248728429720686e-07,0.10891845425744062,0.11896807601944803,0.9998234645796266,1.0,0.9999020532141153,0.13539281294658256,1.0,0.0006671620376975662,0.9938188356029558,0.7453904901311288,1.0,1.0,0.9999999725324897,0.21864123281915382,0.0,0.0,0.0,0.0,0.0,0.0
RF-mean-tuned,2.0478507778420862e-11,0.0,9.115328402087286e-07,1.797283146864892e-06,4.156082822337481e-08,3.410505766687777e-08,4.156082822337481e-08,6.793128504156698e-09,0.9999996051408714,7.248728429720686e-07,0.10891845425744062,0.11896807601944803,0.9998234645796266,1.0,0.9999020532141153,0.13539281294658256,1.0,0.0006671620376975662,0.9938188356029558,0.7453904901311288,1.0,1.0,0.9999999725324897,0.21864123281915382,0.0,0.0,0.0,0.0,0.0,0.0
RF-stats-tuned,2.6603952263393182e-08,0.0,0.00024647335907101997,0.0004310718647035916,1.8605510855862484e-05,1.5739129315739397e-05,1.8605510855862484e-05,3.991011197856942e-06,0.9570316797608859,0.00020392127649948577,0.7771264999717657,0.7972007190162388,0.7872776253136449,0.9999999999999976,1.0,0.8255281160265833,0.9999961505011032,0.043589543108390694,0.999999999684461,0.9996316986657025,0.9999999725324897,0.9999999725324897,1.0,0.9150419668247585,6.661338147750939e-16,0.0,7.882583474838611e-14,1.6631140908884845e-13,2.220446049250313e-16,0.0
RF-stats_team-tuned,0.006384649817771537,6.738185565069443e-10,0.5980686734226281,0.6888118048521825,0.23537451052653802,0.21864123281915382,0.23537451052653802,0.11385543132490539,0.004503753239315289,0.567030701266843,1.0,1.0,0.0008270523377262862,0.5545863310435665,0.9951886027944963,1.0,0.11385543132490439,0.9996919601779224,0.9999351039041409,0.9999999999967295,0.21864123281915382,0.21864123281915382,0.9150419668247585,1.0,3.7653000717341456e-08,1.8746310948003497e-08,9.541152286018928e-07,1.6429502258663575e-06,2.0723975313607923e-08,1.385697312450418e-08
SAGE-CLOSEST,0.933792311085107,0.9999999999999786,0.04955124422958157,0.033507853742292815,0.21058471129991885,0.22690460520843536,0.21058471129991885,0.3857903447834714,0.0,0.05620094375403273,1.9575871990085147e-07,1.6178751760520527e-07,0.0,0.0,4.773959005888173e-14,1.2135407745361704e-07,0.0,0.0002974336733645444,1.163513729807164e-12,2.8325075618340634e-10,0.0,0.0,6.661338147750939e-16,3.7653000717341456e-08,1.0,1.0,0.9999999999999996,0.9999999999999573,1.0,1.0
SAGE-DELAUNAY,0.8929993989976621,0.9999999999999999,0.03441448473935649,0.022851794742044684,0.15993929022601305,0.1733928005557256,0.15993929022601305,0.3104065728214811,0.0,0.03927774190370836,1.0007146422630342e-07,8.244790905553856e-08,0.0,0.0,1.9539925233402755e-14,6.155451104383758e-08,0.0,0.00017503494657866714,5.002664948960955e-13,1.3117196218104255e-10,0.0,0.0,0.0,1.8746310948003497e-08,1.0,1.0,0.9999999999999163,0.9999999999967295,1.0,1.0
SAGE-GABRIEL,0.9982846042472142,0.9999997890726302,0.22274707430781993,0.16656588906948444,0.5794646918811103,0.6042511203332808,0.5794646918811103,0.7872776253136442,0.0,0.24405027304740778,4.3559345395127735e-06,3.6558187943569465e-06,0.0,4.440892098500626e-16,3.0115909765981996e-12,2.8060259669171472e-06,0.0,0.003254312737510312,6.009548414454002e-11,1.0222521718006305e-08,0.0,0.0,7.882583474838611e-14,9.541152286018928e-07,0.9999999999999996,0.9999999999999163,1.0,1.0,0.9999999999999573,0.9999999999994378
SAGE-MST,0.9993293227727129,0.999998711565484,0.2760179355810909,0.21058471129991885,0.653141175220098,0.6770415179206895,0.653141175220098,0.8431490328785636,0.0,0.3003415466472129,7.32768873690226e-06,6.166994488965294e-06,0.0,1.3322676295501878e-15,6.0886851116492835e-12,4.75313043812875e-06,0.0,0.004801969359476743,1.1740830530015955e-10,1.8746310948003497e-08,0.0,0.0,1.6631140908884845e-13,1.6429502258663575e-06,0.9999999999999573,0.9999999999967295,1.0,1.0,0.9999999999981541,0.999999999983257
SAGE-QB-CLOSEST,0.899639409556878,0.9999999999999998,0.03629253565107582,0.0241605783063662,0.16656588906948444,0.18042178971088496,0.16656588906948444,0.32065764246560013,0.0,0.04138485431024275,1.1021244827880139e-07,9.084336960452077e-08,0.0,0.0,2.220446049250313e-14,6.786766759692142e-08,0.0,0.00018895053935419348,5.648814749292796e-13,1.4651724278280653e-10,0.0,0.0,2.220446049250313e-16,2.0723975313607923e-08,1.0,1.0,0.9999999999999573,0.9999999999981541,1.0,1.0
SAGE-RNG,0.8714262052568484,1.0,0.029282709300712306,0.01929721529017714,0.14124028380224696,0.15351100374368631,0.14124028380224696,0.28078509416309316,0.0,0.033507853742292815,7.481169994605352e-08,6.155451104383758e-08,0.0,0.0,1.3322676295501878e-14,4.586406743278815e-08,0.0,0.0001389324229361666,3.4727776210274897e-13,9.400014100435783e-11,0.0,0.0,0.0,1.385697312450418e-08,1.0,1.0,0.9999999999994378,0.999999999983257,1.0,1.0
