model,family,n,macro_f1_mean,macro_f1_std,macro_f1_min,macro_f1_max,accuracy_mean,f1_rush_mean,f1_pass_mean,recall_rush_mean,recall_pass_mean,per_play_ms_mean,device,train_time_s_mean
DeepSets-tuned,DeepSets,29,0.8404,0.0080,0.8285,0.8619,0.8447,0.8144,0.8664,0.8611,0.8339,0.9461,cuda,92.8448
SAGE-RNG,GraphSAGE,29,0.8386,0.0073,0.8264,0.8581,0.8428,0.8130,0.8643,0.8639,0.8289,1.1754,cuda,81.9612
SAGE-DELAUNAY,GraphSAGE,29,0.8383,0.0087,0.8248,0.8587,0.8421,0.8135,0.8630,0.8705,0.8235,1.3169,cuda,81.1963
SAGE-QB-CLOSEST,GraphSAGE,29,0.8380,0.0072,0.8216,0.8506,0.8417,0.8134,0.8625,0.8718,0.8220,1.2447,cuda,107.4279
SAGE-CLOSEST,GraphSAGE,29,0.8373,0.0082,0.8176,0.8522,0.8411,0.8129,0.8618,0.8722,0.8207,1.6204,cuda,155.3236
SAGE-GABRIEL,GraphSAGE,29,0.8354,0.0087,0.8197,0.8506,0.8395,0.8094,0.8613,0.8609,0.8255,1.1690,cuda,255.0655
SAGE-MST,GraphSAGE,29,0.8348,0.0087,0.8191,0.8498,0.8391,0.8085,0.8611,0.8582,0.8266,1.4077,cuda,104.2858
DeepSets-tuned (antigo),DeepSets,29,0.8316,0.0080,0.8159,0.8459,0.8355,0.8062,0.8570,0.8649,0.8162,0.4174,cuda,343.9314
DeepSets-matched,DeepSets,29,0.8206,0.0085,0.8040,0.8377,0.8239,0.7966,0.8447,0.8712,0.7930,0.7911,cuda,62.3490
DeepSets-matched (antigo),DeepSets,29,0.8186,0.0128,0.7935,0.8382,0.8244,0.7868,0.8505,0.8215,0.8264,0.3738,cuda,417.8926
GCN-RNG,GCN,29,0.8167,0.0077,0.7993,0.8352,0.8215,0.7872,0.8462,0.8341,0.8132,3.1056,cuda,281.9483
GCN-MST,GCN,29,0.8159,0.0070,0.8033,0.8331,0.8196,0.7900,0.8418,0.8576,0.7947,1.9685,cuda,103.7381
GCN-GABRIEL,GCN,29,0.8158,0.0083,0.8014,0.8332,0.8207,0.7859,0.8457,0.8312,0.8138,1.8871,cuda,158.7053
GCN-QB-CLOSEST,GCN,29,0.8158,0.0077,0.7999,0.8324,0.8205,0.7863,0.8452,0.8345,0.8114,1.8156,cuda,110.2608
MLP-concat_team_role-tuned,MLP,29,0.8138,0.0087,0.7964,0.8342,0.8186,0.7843,0.8433,0.8342,0.8083,0.0493,cpu,2.1278
GCN-CLOSEST,GCN,29,0.8132,0.0070,0.7982,0.8254,0.8168,0.7873,0.8391,0.8563,0.7909,3.3008,cuda,268.8434
GCN-DELAUNAY,GCN,29,0.8128,0.0084,0.7919,0.8303,0.8176,0.7828,0.8427,0.8306,0.8091,1.5654,cuda,145.3780
RF-concat_team_role-tuned,RF,29,0.8055,0.0095,0.7870,0.8327,0.8100,0.7758,0.8351,0.8306,0.7965,2.3077,cpu,5.0455
GCN-MST (texto),GCN,29,0.7925,0.0102,0.7751,0.8138,0.8003,0.7529,0.8321,0.7706,0.8197,,,
GCN-RNG (texto),GCN,29,0.7916,0.0090,0.7637,0.8158,0.7990,0.7529,0.8303,0.7753,0.8145,,,
MLP-concat_xy-tuned,MLP,29,0.7884,0.0105,0.7678,0.8089,0.7943,0.7534,0.8233,0.7948,0.7940,0.0509,cpu,2.1334
MLP-concat_team_y-tuned,MLP,29,0.7875,0.0091,0.7673,0.8076,0.7952,0.7475,0.8276,0.7666,0.8139,0.0353,cpu,3.0315
MLP-stats_team-tuned,MLP,29,0.7873,0.0136,0.7547,0.8108,0.7935,0.7515,0.8232,0.7900,0.7958,0.0523,cpu,10.4326
RF-stats_team-tuned,RF,29,0.7853,0.0109,0.7671,0.8058,0.7930,0.7449,0.8258,0.7636,0.8123,2.3916,cpu,5.1463
GCN-CLOSEST (texto),GCN,29,0.7812,0.0124,0.7439,0.7995,0.7895,0.7392,0.8231,0.7571,0.8108,,,
RF-concat_xy-tuned,RF,29,0.7763,0.0098,0.7580,0.7942,0.7821,0.7406,0.8121,0.7858,0.7797,2.4385,cpu,9.5590
GCN-GABRIEL (texto),GCN,29,0.7731,0.0134,0.7349,0.7922,0.7823,0.7284,0.8179,0.7410,0.8093,,,
GCN-QB-CLOSEST (texto),GCN,29,0.7720,0.0117,0.7392,0.7935,0.7815,0.7264,0.8176,0.7358,0.8115,,,
GCN-DELAUNAY (texto),GCN,29,0.7628,0.0128,0.7371,0.7850,0.7720,0.7173,0.8082,0.7337,0.7971,,,
RF-concat_team_y-tuned,RF,29,0.7568,0.0114,0.7336,0.7786,0.7664,0.7084,0.8052,0.7167,0.7990,2.3257,cpu,11.1892
MLP-stats-tuned,MLP,29,0.7485,0.0100,0.7339,0.7722,0.7568,0.7037,0.7934,0.7307,0.7739,0.0593,cpu,12.5221
RF-stats-tuned,RF,29,0.7393,0.0096,0.7163,0.7601,0.7516,0.6828,0.7959,0.6755,0.8015,2.3357,cpu,0.6286
MLP-mean-tuned,MLP,29,0.7328,0.0128,0.7067,0.7655,0.7448,0.6766,0.7890,0.6760,0.7899,0.0270,cpu,1.3255
RF-mean-default,RF,29,0.7281,0.0102,0.7093,0.7450,0.7413,0.6683,0.7880,0.6584,0.7957,2.4272,cpu,0.3965
RF-mean-tuned,RF,29,0.7280,0.0106,0.7064,0.7530,0.7419,0.6663,0.7896,0.6511,0.8014,5.5634,cpu,0.9450
RF-concat_raw-tuned,RF,29,0.7250,0.0117,0.6995,0.7513,0.7392,0.6623,0.7876,0.6463,0.8002,2.3291,cpu,11.9101
MLP-concat_raw-tuned,MLP,29,0.6931,0.0103,0.6652,0.7092,0.7099,0.6220,0.7642,0.6044,0.7790,0.0338,cpu,1.0703
MLP-mean-default,MLP,29,0.6738,0.0088,0.6560,0.6954,0.6880,0.6061,0.7415,0.6068,0.7411,0.0397,cpu,2.1317
