banco,estudo,trials_completos,trials_falhos,melhor_valor,duracao_media_s,primeiro_inicio,ultimo_inicio
optuna_baselines.db,tuning_RF-mean_seed0,50,0,0.7350378353588627,5.17595412,2026-10-08 13:45:35.101970,2026-10-08 13:49:53.241629
optuna_baselines.db,tuning_RF-stats_seed0,50,0,0.7444187178987023,6.594182099999999,2026-10-08 13:49:55.769886,2026-10-08 13:55:24.076158
optuna_baselines.db,tuning_RF-concat_raw_seed0,50,0,0.727156602757381,44.218325639999996,2026-10-08 13:55:26.898247,2026-10-08 14:32:13.353429
optuna_baselines.db,tuning_RF-concat_xy_seed0,50,0,0.7773802141767348,30.444849179999995,2026-10-08 14:32:19.691311,2026-10-08 14:57:37.560318
optuna_baselines.db,tuning_RF-stats_team_seed0,50,0,0.7861346228217234,19.017421260000003,2026-10-08 14:57:44.307236,2026-10-08 15:13:17.128302
optuna_baselines.db,tuning_RF-concat_team_y_seed0,50,0,0.7625524919377024,43.57008338000001,2026-10-08 15:13:37.148166,2026-10-08 15:49:11.274155
optuna_baselines.db,tuning_RF-concat_team_role_seed0,50,0,0.8163064390859615,26.22002666,2026-10-08 15:49:57.725077,2026-10-08 16:11:29.782573
optuna_baselines.db,tuning_MLP-mean_seed0,50,0,0.7489519545988742,12.85719968,2026-10-08 16:19:20.061555,2026-10-08 16:30:02.925311
optuna_baselines.db,tuning_MLP-stats_seed0,50,0,0.7604836261248418,82.64965726,2026-10-08 16:30:05.418372,2026-10-08 17:38:14.346190
optuna_baselines.db,tuning_MLP-concat_raw_seed0,50,2,0.7169620916874051,8.40723632,2026-10-08 17:39:00.101873,2026-10-08 23:23:00.200951
optuna_baselines.db,tuning_DEEPSETS_seed0,30,1,0.8432288319606385,407.46915053333333,2026-10-08 23:19:02.032844,2026-10-09 03:00:35.149944
optuna_baselines.db,tuning_MLP-concat_xy_seed0,50,0,0.8052131960335622,3.31754796,2026-10-08 23:23:02.001494,2026-10-08 23:25:45.103054
optuna_baselines.db,tuning_MLP-stats_team_seed0,50,0,0.7978223336192706,5.515661840000002,2026-10-08 23:25:48.849770,2026-10-08 23:30:18.142708
optuna_baselines.db,tuning_MLP-concat_team_y_seed0,50,0,0.8029416506979715,2.97131716,2026-10-08 23:30:25.303512,2026-10-08 23:32:53.317235
optuna_baselines.db,tuning_MLP-concat_team_role_seed0,50,0,0.8309803119696608,2.4883034,2026-10-08 23:32:54.590260,2026-10-08 23:34:58.226288
optuna_gnn.db,gnn_GCN-MST_seed0,20,1,0.831735057576926,465.4055145000001,2026-10-09 11:26:32.463837,2026-10-09 13:57:12.191053
optuna_gnn.db,gnn_GCN-RNG_seed0,20,0,0.8331390823494478,371.91584150000006,2026-10-09 14:07:29.116301,2026-10-09 16:08:02.114468
optuna_gnn.db,gnn_GCN-CLOSEST-_seed0,20,2,0.8302887311723635,308.40959265000004,2026-10-09 16:11:34.979015,2026-10-09 20:10:07.985582
optuna_gnn.db,gnn_GCN-QB-CLOSEST-_seed0,20,1,0.8287759040106784,125.20203510000002,2026-10-09 20:02:02.411202,2026-10-09 20:44:01.504178
optuna_gnn.db,gnn_DeepSets_seed0,20,1,0.8515982063392294,112.93001160000001,2026-10-09 20:02:06.758550,2026-10-09 20:38:33.744112
optuna_gnn.db,gnn_GCN-GABRIEL_seed0,20,0,0.8317653013117391,141.2013983,2026-10-09 20:13:55.633763,2026-10-09 20:55:01.892323
optuna_gnn.db,gnn_SAGE-CLOSEST-_seed0,20,0,0.8520703147587003,111.15733870000001,2026-10-09 20:40:56.891832,2026-10-09 21:15:14.276227
optuna_gnn.db,gnn_GCN-DELAUNAY_seed0,20,0,0.8271828853235466,111.5746944,2026-10-09 20:45:59.164085,2026-10-09 21:21:42.379378
optuna_gnn.db,gnn_SAGE-GABRIEL_seed0,20,0,0.8492778823191263,109.71928715000001,2026-10-09 21:18:03.461484,2026-10-09 21:53:00.919047
optuna_gnn.db,gnn_SAGE-MST_seed0,20,0,0.8483572388025136,95.26681640000001,2026-10-09 21:23:13.877411,2026-10-09 21:52:50.834880
optuna_gnn.db,gnn_SAGE-QB-CLOSEST-_seed0,20,0,0.8498557081597522,117.7564398,2026-10-09 21:54:41.400468,2026-10-09 22:30:02.431835
optuna_gnn.db,gnn_SAGE-RNG_seed0,20,0,0.8527186260375597,92.3987474,2026-10-09 21:55:02.573405,2026-10-09 22:24:01.316932
optuna_gnn.db,gnn_SAGE-DELAUNAY_seed0,20,0,0.8561656465091768,101.20591615000002,2026-10-09 22:33:59.911171,2026-10-09 23:06:09.364825
optuna_study.db,gcn_optimization_CLOSEST-,50,5,0.8094209161624892,1021.7009075799999,2026-07-04 23:47:06.963113,2026-07-05 16:47:12.735123
optuna_study.db,gcn_optimization_QB-CLOSEST-,50,6,0.7986171132238548,1491.98044942,2026-07-04 23:47:06.962079,2026-07-05 18:56:48.532074
optuna_study.db,gcn_optimization_DELAUNAY,50,1,0.7921348314606742,1430.71697266,2026-07-04 23:47:06.962326,2026-07-05 18:59:52.814112
optuna_study.db,gcn_optimization_GABRIEL,50,0,0.8018558951965066,1491.78802674,2026-07-05 00:01:05.992042,2026-07-06 03:02:41.936083
optuna_study.db,gcn_optimization_RNG,50,0,0.8232497839239412,1662.2302351800004,2026-07-05 00:09:39.815648,2026-07-06 04:01:05.635201
optuna_study.db,gcn_optimization_MST,50,0,0.8262748487467588,976.5911932,2026-07-06 03:16:59.080668,2026-07-06 08:53:09.520492
