trial,estado,valor,inicio,duracao_s,param_n_layers,param_width,param_alpha,param_learning_rate_init,param_batch_size,attr_model_params
0,COMPLETE,0.817455737226602,2026-10-08 23:32:54.590260,2.972659,2,64,6.026889128682509e-06,0.00020511104188433984,64,"{""hidden_layer_sizes"": [64, 64], ""alpha"": 6.026889128682509e-06, ""learning_rate_init"": 0.00020511104188433984, ""batch_size"": 64, ""early_stopping"": true, ""validation_fraction"": 0.1, ""n_iter_no_change"": 20, ""max_iter"": 1000}"
1,COMPLETE,0.8170936003011031,2026-10-08 23:32:57.571780,1.637958,1,64,8.111941985431925e-06,0.00023270677083837802,64,"{""hidden_layer_sizes"": [64], ""alpha"": 8.111941985431925e-06, ""learning_rate_init"": 0.00023270677083837802, ""batch_size"": 64, ""early_stopping"": true, ""validation_fraction"": 0.1, ""n_iter_no_change"": 20, ""max_iter"": 1000}"
2,COMPLETE,0.8214392251376452,2026-10-08 23:32:59.216900,2.882293,2,256,0.00019069966103000456,0.0037183641805732083,128,"{""hidden_layer_sizes"": [256, 256], ""alpha"": 0.00019069966103000456, ""learning_rate_init"": 0.0037183641805732083, ""batch_size"": 128, ""early_stopping"": true, ""validation_fraction"": 0.1, ""n_iter_no_change"": 20, ""max_iter"": 1000}"
3,COMPLETE,0.8271392881573991,2026-10-08 23:33:02.391303,2.746535,2,256,0.0673224892077534,0.004138040112561018,128,"{""hidden_layer_sizes"": [256, 256], ""alpha"": 0.0673224892077534, ""learning_rate_init"": 0.004138040112561018, ""batch_size"": 128, ""early_stopping"": true, ""validation_fraction"": 0.1, ""n_iter_no_change"": 20, ""max_iter"": 1000}"
4,COMPLETE,0.8062854232086092,2026-10-08 23:33:05.146428,1.60656,1,256,1.9674328025306114e-05,0.0021137059440645744,128,"{""hidden_layer_sizes"": [256], ""alpha"": 1.9674328025306114e-05, ""learning_rate_init"": 0.0021137059440645744, ""batch_size"": 128, ""early_stopping"": true, ""validation_fraction"": 0.1, ""n_iter_no_change"": 20, ""max_iter"": 1000}"
5,COMPLETE,0.8271108817660539,2026-10-08 23:33:06.760266,1.689538,3,128,0.000976112544311046,0.0069782812651260325,256,"{""hidden_layer_sizes"": [128, 128, 128], ""alpha"": 0.000976112544311046, ""learning_rate_init"": 0.0069782812651260325, ""batch_size"": 256, ""early_stopping"": true, ""validation_fraction"": 0.1, ""n_iter_no_change"": 20, ""max_iter"": 1000}"
6,COMPLETE,0.8027081526398656,2026-10-08 23:33:08.456821,1.416403,2,128,2.539057572102415e-05,0.001217284708112243,256,"{""hidden_layer_sizes"": [128, 128], ""alpha"": 2.539057572102415e-05, ""learning_rate_init"": 0.001217284708112243, ""batch_size"": 256, ""early_stopping"": true, ""validation_fraction"": 0.1, ""n_iter_no_change"": 20, ""max_iter"": 1000}"
7,COMPLETE,0.8242050813935797,2026-10-08 23:33:09.880300,11.875963,3,256,0.003422052903270693,0.0028708753481954683,32,"{""hidden_layer_sizes"": [256, 256, 256], ""alpha"": 0.003422052903270693, ""learning_rate_init"": 0.0028708753481954683, ""batch_size"": 32, ""early_stopping"": true, ""validation_fraction"": 0.1, ""n_iter_no_change"": 20, ""max_iter"": 1000}"
8,COMPLETE,0.8114568764568765,2026-10-08 23:33:21.763624,1.359849,3,64,3.588488911386256e-05,0.0004470608546778491,128,"{""hidden_layer_sizes"": [64, 64, 64], ""alpha"": 3.588488911386256e-05, ""learning_rate_init"": 0.0004470608546778491, ""batch_size"": 128, ""early_stopping"": true, ""validation_fraction"": 0.1, ""n_iter_no_change"": 20, ""max_iter"": 1000}"
9,COMPLETE,0.8162694326650299,2026-10-08 23:33:23.130722,3.240144,1,128,0.0071587286315002,0.0009718319944817398,32,"{""hidden_layer_sizes"": [128], ""alpha"": 0.0071587286315002, ""learning_rate_init"": 0.0009718319944817398, ""batch_size"": 32, ""early_stopping"": true, ""validation_fraction"": 0.1, ""n_iter_no_change"": 20, ""max_iter"": 1000}"
10,COMPLETE,0.8178323296305512,2026-10-08 23:33:26.378040,2.729977,2,256,0.07041830285015999,0.007921156893750515,128,"{""hidden_layer_sizes"": [256, 256], ""alpha"": 0.07041830285015999, ""learning_rate_init"": 0.007921156893750515, ""batch_size"": 128, ""early_stopping"": true, ""validation_fraction"": 0.1, ""n_iter_no_change"": 20, ""max_iter"": 1000}"
11,COMPLETE,0.8309480312734864,2026-10-08 23:33:29.115583,1.588895,3,128,0.08025135988205723,0.00858826574807985,256,"{""hidden_layer_sizes"": [128, 128, 128], ""alpha"": 0.08025135988205723, ""learning_rate_init"": 0.00858826574807985, ""batch_size"": 256, ""early_stopping"": true, ""validation_fraction"": 0.1, ""n_iter_no_change"": 20, ""max_iter"": 1000}"
12,COMPLETE,0.8294945729588685,2026-10-08 23:33:30.713224,1.59328,3,128,0.073857581679767,0.009588418536116118,256,"{""hidden_layer_sizes"": [128, 128, 128], ""alpha"": 0.073857581679767, ""learning_rate_init"": 0.009588418536116118, ""batch_size"": 256, ""early_stopping"": true, ""validation_fraction"": 0.1, ""n_iter_no_change"": 20, ""max_iter"": 1000}"
13,COMPLETE,0.8291400520972138,2026-10-08 23:33:32.314005,1.67457,3,128,0.01156276976678949,0.008571766016568314,256,"{""hidden_layer_sizes"": [128, 128, 128], ""alpha"": 0.01156276976678949, ""learning_rate_init"": 0.008571766016568314, ""batch_size"": 256, ""early_stopping"": true, ""validation_fraction"": 0.1, ""n_iter_no_change"": 20, ""max_iter"": 1000}"
14,COMPLETE,0.8306534765436799,2026-10-08 23:33:33.995595,1.637434,3,128,0.02538795403816572,0.005327072439936511,256,"{""hidden_layer_sizes"": [128, 128, 128], ""alpha"": 0.02538795403816572, ""learning_rate_init"": 0.005327072439936511, ""batch_size"": 256, ""early_stopping"": true, ""validation_fraction"": 0.1, ""n_iter_no_change"": 20, ""max_iter"": 1000}"
15,COMPLETE,0.8155400012279732,2026-10-08 23:33:35.641201,1.80952,3,128,0.02374922190974524,0.001508951290010629,256,"{""hidden_layer_sizes"": [128, 128, 128], ""alpha"": 0.02374922190974524, ""learning_rate_init"": 0.001508951290010629, ""batch_size"": 256, ""early_stopping"": true, ""validation_fraction"": 0.1, ""n_iter_no_change"": 20, ""max_iter"": 1000}"
16,COMPLETE,0.8208670771118862,2026-10-08 23:33:37.457897,1.89181,3,128,1.3419844206405768e-06,0.004794201071376728,256,"{""hidden_layer_sizes"": [128, 128, 128], ""alpha"": 1.3419844206405768e-06, ""learning_rate_init"": 0.004794201071376728, ""batch_size"": 256, ""early_stopping"": true, ""validation_fraction"": 0.1, ""n_iter_no_change"": 20, ""max_iter"": 1000}"
17,COMPLETE,0.8202310064564373,2026-10-08 23:33:39.357177,1.741816,3,128,0.0010143361498570031,0.0007083792739477233,256,"{""hidden_layer_sizes"": [128, 128, 128], ""alpha"": 0.0010143361498570031, ""learning_rate_init"": 0.0007083792739477233, ""batch_size"": 256, ""early_stopping"": true, ""validation_fraction"": 0.1, ""n_iter_no_change"": 20, ""max_iter"": 1000}"
18,COMPLETE,0.8250187806089422,2026-10-08 23:33:41.106992,1.740273,3,128,0.00234306794284809,0.002126208314650923,256,"{""hidden_layer_sizes"": [128, 128, 128], ""alpha"": 0.00234306794284809, ""learning_rate_init"": 0.002126208314650923, ""batch_size"": 256, ""early_stopping"": true, ""validation_fraction"": 0.1, ""n_iter_no_change"": 20, ""max_iter"": 1000}"
19,COMPLETE,0.8110773252949756,2026-10-08 23:33:42.855338,3.613804,2,128,0.00018336402012499937,0.0001051909502813386,64,"{""hidden_layer_sizes"": [128, 128], ""alpha"": 0.00018336402012499937, ""learning_rate_init"": 0.0001051909502813386, ""batch_size"": 64, ""early_stopping"": true, ""validation_fraction"": 0.1, ""n_iter_no_change"": 20, ""max_iter"": 1000}"
20,COMPLETE,0.8237541251837266,2026-10-08 23:33:46.476479,2.167669,2,64,0.020261248083707807,0.005578882801260369,32,"{""hidden_layer_sizes"": [64, 64], ""alpha"": 0.020261248083707807, ""learning_rate_init"": 0.005578882801260369, ""batch_size"": 32, ""early_stopping"": true, ""validation_fraction"": 0.1, ""n_iter_no_change"": 20, ""max_iter"": 1000}"
21,COMPLETE,0.8302887311723635,2026-10-08 23:33:48.651046,1.596551,3,128,0.08772624909202673,0.009075236529744414,256,"{""hidden_layer_sizes"": [128, 128, 128], ""alpha"": 0.08772624909202673, ""learning_rate_init"": 0.009075236529744414, ""batch_size"": 256, ""early_stopping"": true, ""validation_fraction"": 0.1, ""n_iter_no_change"": 20, ""max_iter"": 1000}"
22,COMPLETE,0.8290745978095084,2026-10-08 23:33:50.254991,1.621894,3,128,0.029947631657985505,0.0058565900142191,256,"{""hidden_layer_sizes"": [128, 128, 128], ""alpha"": 0.029947631657985505, ""learning_rate_init"": 0.0058565900142191, ""batch_size"": 256, ""early_stopping"": true, ""validation_fraction"": 0.1, ""n_iter_no_change"": 20, ""max_iter"": 1000}"
23,COMPLETE,0.8147304045077649,2026-10-08 23:33:51.883981,1.76193,3,128,0.004820592845256775,0.00991948805260657,256,"{""hidden_layer_sizes"": [128, 128, 128], ""alpha"": 0.004820592845256775, ""learning_rate_init"": 0.00991948805260657, ""batch_size"": 256, ""early_stopping"": true, ""validation_fraction"": 0.1, ""n_iter_no_change"": 20, ""max_iter"": 1000}"
24,COMPLETE,0.8197346862527718,2026-10-08 23:33:53.652777,1.752996,3,128,0.09806789643503604,0.0028976194764818745,256,"{""hidden_layer_sizes"": [128, 128, 128], ""alpha"": 0.09806789643503604, ""learning_rate_init"": 0.0028976194764818745, ""batch_size"": 256, ""early_stopping"": true, ""validation_fraction"": 0.1, ""n_iter_no_change"": 20, ""max_iter"": 1000}"
25,COMPLETE,0.8285542409495914,2026-10-08 23:33:55.413004,1.619391,3,128,0.035228649724782575,0.0057875401758040795,256,"{""hidden_layer_sizes"": [128, 128, 128], ""alpha"": 0.035228649724782575, ""learning_rate_init"": 0.0057875401758040795, ""batch_size"": 256, ""early_stopping"": true, ""validation_fraction"": 0.1, ""n_iter_no_change"": 20, ""max_iter"": 1000}"
26,COMPLETE,0.8151939929731238,2026-10-08 23:33:57.044937,1.819348,3,128,0.012673145124887873,0.003266550175329313,256,"{""hidden_layer_sizes"": [128, 128, 128], ""alpha"": 0.012673145124887873, ""learning_rate_init"": 0.003266550175329313, ""batch_size"": 256, ""early_stopping"": true, ""validation_fraction"": 0.1, ""n_iter_no_change"": 20, ""max_iter"": 1000}"
27,COMPLETE,0.8203429886344201,2026-10-08 23:33:58.871667,1.334408,2,128,0.001455968448808439,0.002118600147832056,256,"{""hidden_layer_sizes"": [128, 128], ""alpha"": 0.001455968448808439, ""learning_rate_init"": 0.002118600147832056, ""batch_size"": 256, ""early_stopping"": true, ""validation_fraction"": 0.1, ""n_iter_no_change"": 20, ""max_iter"": 1000}"
28,COMPLETE,0.8302335187658074,2026-10-08 23:34:00.221730,2.717298,3,64,0.0003927597161000866,0.00668937609529973,32,"{""hidden_layer_sizes"": [64, 64, 64], ""alpha"": 0.0003927597161000866, ""learning_rate_init"": 0.00668937609529973, ""batch_size"": 32, ""early_stopping"": true, ""validation_fraction"": 0.1, ""n_iter_no_change"": 20, ""max_iter"": 1000}"
29,COMPLETE,0.8155400862384686,2026-10-08 23:34:02.952087,2.893404,2,128,0.008544320367236966,0.004238458035936238,64,"{""hidden_layer_sizes"": [128, 128], ""alpha"": 0.008544320367236966, ""learning_rate_init"": 0.004238458035936238, ""batch_size"": 64, ""early_stopping"": true, ""validation_fraction"": 0.1, ""n_iter_no_change"": 20, ""max_iter"": 1000}"
30,COMPLETE,0.8086539198699765,2026-10-08 23:34:05.852510,1.679777,3,64,0.04755036834858636,0.0005509786787717653,64,"{""hidden_layer_sizes"": [64, 64, 64], ""alpha"": 0.04755036834858636, ""learning_rate_init"": 0.0005509786787717653, ""batch_size"": 64, ""early_stopping"": true, ""validation_fraction"": 0.1, ""n_iter_no_change"": 20, ""max_iter"": 1000}"
31,COMPLETE,0.8196892331535383,2026-10-08 23:34:07.539938,2.425706,3,64,0.0005043887862314496,0.005792713169476867,32,"{""hidden_layer_sizes"": [64, 64, 64], ""alpha"": 0.0005043887862314496, ""learning_rate_init"": 0.005792713169476867, ""batch_size"": 32, ""early_stopping"": true, ""validation_fraction"": 0.1, ""n_iter_no_change"": 20, ""max_iter"": 1000}"
32,COMPLETE,0.8264075619037451,2026-10-08 23:34:09.973743,2.510944,3,64,7.285003431524963e-05,0.007798394063786376,32,"{""hidden_layer_sizes"": [64, 64, 64], ""alpha"": 7.285003431524963e-05, ""learning_rate_init"": 0.007798394063786376, ""batch_size"": 32, ""early_stopping"": true, ""validation_fraction"": 0.1, ""n_iter_no_change"": 20, ""max_iter"": 1000}"
33,COMPLETE,0.8173041443622338,2026-10-08 23:34:12.492385,2.380825,3,64,3.62916228281236e-06,0.00679161571200344,32,"{""hidden_layer_sizes"": [64, 64, 64], ""alpha"": 3.62916228281236e-06, ""learning_rate_init"": 0.00679161571200344, ""batch_size"": 32, ""early_stopping"": true, ""validation_fraction"": 0.1, ""n_iter_no_change"": 20, ""max_iter"": 1000}"
34,COMPLETE,0.8167145831267969,2026-10-08 23:34:14.880265,2.516494,3,64,0.017227031564832823,0.004450410502493869,32,"{""hidden_layer_sizes"": [64, 64, 64], ""alpha"": 0.017227031564832823, ""learning_rate_init"": 0.004450410502493869, ""batch_size"": 32, ""early_stopping"": true, ""validation_fraction"": 0.1, ""n_iter_no_change"": 20, ""max_iter"": 1000}"
35,COMPLETE,0.8179880081235916,2026-10-08 23:34:17.403573,1.275246,1,64,0.0993270347365915,0.0034097406754048337,64,"{""hidden_layer_sizes"": [64], ""alpha"": 0.0993270347365915, ""learning_rate_init"": 0.0034097406754048337, ""batch_size"": 64, ""early_stopping"": true, ""validation_fraction"": 0.1, ""n_iter_no_change"": 20, ""max_iter"": 1000}"
36,COMPLETE,0.8212935348648249,2026-10-08 23:34:18.686446,2.617989,3,256,0.03511160493894305,0.009876774376705049,256,"{""hidden_layer_sizes"": [256, 256, 256], ""alpha"": 0.03511160493894305, ""learning_rate_init"": 0.009876774376705049, ""batch_size"": 256, ""early_stopping"": true, ""validation_fraction"": 0.1, ""n_iter_no_change"": 20, ""max_iter"": 1000}"
37,COMPLETE,0.8184530392152061,2026-10-08 23:34:21.311208,1.041128,2,64,0.0003666454360174036,0.007081826144250234,128,"{""hidden_layer_sizes"": [64, 64], ""alpha"": 0.0003666454360174036, ""learning_rate_init"": 0.007081826144250234, ""batch_size"": 128, ""early_stopping"": true, ""validation_fraction"": 0.1, ""n_iter_no_change"": 20, ""max_iter"": 1000}"
38,COMPLETE,0.8218153011674064,2026-10-08 23:34:22.359381,11.241611,3,256,0.0001252555347112359,0.0002966628968959171,32,"{""hidden_layer_sizes"": [256, 256, 256], ""alpha"": 0.0001252555347112359, ""learning_rate_init"": 0.0002966628968959171, ""batch_size"": 32, ""early_stopping"": true, ""validation_fraction"": 0.1, ""n_iter_no_change"": 20, ""max_iter"": 1000}"
39,COMPLETE,0.8264483256557931,2026-10-08 23:34:33.607958,1.779541,3,128,0.004683745157761102,0.004878381026413757,256,"{""hidden_layer_sizes"": [128, 128, 128], ""alpha"": 0.004683745157761102, ""learning_rate_init"": 0.004878381026413757, ""batch_size"": 256, ""early_stopping"": true, ""validation_fraction"": 0.1, ""n_iter_no_change"": 20, ""max_iter"": 1000}"
40,COMPLETE,0.8102069166363306,2026-10-08 23:34:35.394955,0.900923,1,128,1.3058936753247165e-05,0.0026083120819234656,256,"{""hidden_layer_sizes"": [128], ""alpha"": 1.3058936753247165e-05, ""learning_rate_init"": 0.0026083120819234656, ""batch_size"": 256, ""early_stopping"": true, ""validation_fraction"": 0.1, ""n_iter_no_change"": 20, ""max_iter"": 1000}"
41,COMPLETE,0.8309803119696608,2026-10-08 23:34:36.304570,1.582912,3,128,0.04566014527249203,0.009717113481470148,256,"{""hidden_layer_sizes"": [128, 128, 128], ""alpha"": 0.04566014527249203, ""learning_rate_init"": 0.009717113481470148, ""batch_size"": 256, ""early_stopping"": true, ""validation_fraction"": 0.1, ""n_iter_no_change"": 20, ""max_iter"": 1000}"
42,COMPLETE,0.8202996404622408,2026-10-08 23:34:37.895912,1.529759,3,128,0.036096500564775404,0.007550780748058271,256,"{""hidden_layer_sizes"": [128, 128, 128], ""alpha"": 0.036096500564775404, ""learning_rate_init"": 0.007550780748058271, ""batch_size"": 256, ""early_stopping"": true, ""validation_fraction"": 0.1, ""n_iter_no_change"": 20, ""max_iter"": 1000}"
43,COMPLETE,0.8165836623742535,2026-10-08 23:34:39.433005,1.718614,3,128,0.04750403059932461,0.0063952355162698,256,"{""hidden_layer_sizes"": [128, 128, 128], ""alpha"": 0.04750403059932461, ""learning_rate_init"": 0.0063952355162698, ""batch_size"": 256, ""early_stopping"": true, ""validation_fraction"": 0.1, ""n_iter_no_change"": 20, ""max_iter"": 1000}"
44,COMPLETE,0.814811654743697,2026-10-08 23:34:41.158747,3.57955,3,128,0.0556349282269577,0.00833604383346578,128,"{""hidden_layer_sizes"": [128, 128, 128], ""alpha"": 0.0556349282269577, ""learning_rate_init"": 0.00833604383346578, ""batch_size"": 128, ""early_stopping"": true, ""validation_fraction"": 0.1, ""n_iter_no_change"": 20, ""max_iter"": 1000}"
45,COMPLETE,0.8114787718022219,2026-10-08 23:34:44.745527,2.840194,3,256,0.0073645381449497565,0.003846769343177241,256,"{""hidden_layer_sizes"": [256, 256, 256], ""alpha"": 0.0073645381449497565, ""learning_rate_init"": 0.003846769343177241, ""batch_size"": 256, ""early_stopping"": true, ""validation_fraction"": 0.1, ""n_iter_no_change"": 20, ""max_iter"": 1000}"
46,COMPLETE,0.8214541950532428,2026-10-08 23:34:47.593307,7.241045,3,128,0.014145591033657822,0.009896700075062048,32,"{""hidden_layer_sizes"": [128, 128, 128], ""alpha"": 0.014145591033657822, ""learning_rate_init"": 0.009896700075062048, ""batch_size"": 32, ""early_stopping"": true, ""validation_fraction"": 0.1, ""n_iter_no_change"": 20, ""max_iter"": 1000}"
47,COMPLETE,0.8294945729588685,2026-10-08 23:34:54.841838,1.961822,3,128,0.002192737215467823,0.004919366186362394,256,"{""hidden_layer_sizes"": [128, 128, 128], ""alpha"": 0.002192737215467823, ""learning_rate_init"": 0.004919366186362394, ""batch_size"": 256, ""early_stopping"": true, ""validation_fraction"": 0.1, ""n_iter_no_change"": 20, ""max_iter"": 1000}"
48,COMPLETE,0.8254824933846432,2026-10-08 23:34:56.812680,1.406038,2,128,0.023663446789211832,0.007918079733852395,256,"{""hidden_layer_sizes"": [128, 128], ""alpha"": 0.023663446789211832, ""learning_rate_init"": 0.007918079733852395, ""batch_size"": 256, ""early_stopping"": true, ""validation_fraction"": 0.1, ""n_iter_no_change"": 20, ""max_iter"": 1000}"
49,COMPLETE,0.8161736977578886,2026-10-08 23:34:58.226288,1.450882,3,64,0.0650022926276497,0.0014797198419629288,128,"{""hidden_layer_sizes"": [64, 64, 64], ""alpha"": 0.0650022926276497, ""learning_rate_init"": 0.0014797198419629288, ""batch_size"": 128, ""early_stopping"": true, ""validation_fraction"": 0.1, ""n_iter_no_change"": 20, ""max_iter"": 1000}"
