trial,estado,valor,inicio,duracao_s,param_hidden_channels,param_hidden_layers,param_down_sample,param_qb_link,attr_full_config
0,FAIL,,2026-07-04 23:47:06.962079,825.152392,128,3,True,False,"{""FILES"": {""WEEKS_TO_READ"": [1, 2, 3, 4, 5, 6, 7, 8, 9], ""INPUT_PATH"": ""data/raw"", ""RESULTS_PATH"": ""output/results"", ""GRAPHS_PATH"": ""data/graphs""}, ""GCN"": {""EPOCHS"": 250, ""HIDDEN_CHANNELS"": 128, ""HIDDEN_LAYERS"": 3, ""LEARNING_RATE"": 0.001, ""DROPOUT"": 0.2, ""WEIGHT_DECAY"": 0.0005, ""OPTIMIZER"": ""adamw"", ""WARMUP_EPOCHS"": 20, ""EARLY_STOP_PATIENCE"": 50, ""MIN_DELTA"": 0.001}, ""RF"": {""N_ESTIMATORS"": 200}, ""MLP"": {""HIDDEN_CHANNELS"": 64, ""HIDDEN_LAYERS"": 2, ""MAX_ITER"": 3000, ""LEARNING_RATE"": 0.01, ""ALPHA"": 0.0005}, ""DATASET"": {""VALIDATION_SPLIT"": 0.15, ""TEST_SPLIT"": 0.15, ""TRAIN_SPLIT"": 0.7}, ""RANDOM_SEED"": 0, ""SHOW_INFO"": true, ""EDGE_STRATEGY"": ""QB-CLOSEST-"", ""FORCE_REBUILD"": true, ""N"": 2, ""DOWN_SAMPLE"": true, ""QB_LINK"": false}"
1,FAIL,,2026-07-04 23:47:06.994413,823.875325,256,3,False,True,"{""FILES"": {""WEEKS_TO_READ"": [1, 2, 3, 4, 5, 6, 7, 8, 9], ""INPUT_PATH"": ""data/raw"", ""RESULTS_PATH"": ""output/results"", ""GRAPHS_PATH"": ""data/graphs""}, ""GCN"": {""EPOCHS"": 250, ""HIDDEN_CHANNELS"": 256, ""HIDDEN_LAYERS"": 3, ""LEARNING_RATE"": 0.001, ""DROPOUT"": 0.2, ""WEIGHT_DECAY"": 0.0005, ""OPTIMIZER"": ""adamw"", ""WARMUP_EPOCHS"": 20, ""EARLY_STOP_PATIENCE"": 50, ""MIN_DELTA"": 0.001}, ""RF"": {""N_ESTIMATORS"": 200}, ""MLP"": {""HIDDEN_CHANNELS"": 64, ""HIDDEN_LAYERS"": 2, ""MAX_ITER"": 3000, ""LEARNING_RATE"": 0.01, ""ALPHA"": 0.0005}, ""DATASET"": {""VALIDATION_SPLIT"": 0.15, ""TEST_SPLIT"": 0.15, ""TRAIN_SPLIT"": 0.7}, ""RANDOM_SEED"": 1, ""SHOW_INFO"": true, ""EDGE_STRATEGY"": ""QB-CLOSEST-"", ""FORCE_REBUILD"": true, ""N"": 2, ""DOWN_SAMPLE"": false, ""QB_LINK"": true}"
2,FAIL,,2026-07-04 23:47:06.966828,823.992613,128,2,False,True,"{""FILES"": {""WEEKS_TO_READ"": [1, 2, 3, 4, 5, 6, 7, 8, 9], ""INPUT_PATH"": ""data/raw"", ""RESULTS_PATH"": ""output/results"", ""GRAPHS_PATH"": ""data/graphs""}, ""GCN"": {""EPOCHS"": 250, ""HIDDEN_CHANNELS"": 128, ""HIDDEN_LAYERS"": 2, ""LEARNING_RATE"": 0.001, ""DROPOUT"": 0.2, ""WEIGHT_DECAY"": 0.0005, ""OPTIMIZER"": ""adamw"", ""WARMUP_EPOCHS"": 20, ""EARLY_STOP_PATIENCE"": 50, ""MIN_DELTA"": 0.001}, ""RF"": {""N_ESTIMATORS"": 200}, ""MLP"": {""HIDDEN_CHANNELS"": 64, ""HIDDEN_LAYERS"": 2, ""MAX_ITER"": 3000, ""LEARNING_RATE"": 0.01, ""ALPHA"": 0.0005}, ""DATASET"": {""VALIDATION_SPLIT"": 0.15, ""TEST_SPLIT"": 0.15, ""TRAIN_SPLIT"": 0.7}, ""RANDOM_SEED"": 2, ""SHOW_INFO"": true, ""EDGE_STRATEGY"": ""QB-CLOSEST-"", ""FORCE_REBUILD"": true, ""N"": 2, ""DOWN_SAMPLE"": false, ""QB_LINK"": true}"
3,FAIL,,2026-07-05 11:55:28.751068,696.172708,128,1,True,False,"{""FILES"": {""WEEKS_TO_READ"": [1, 2, 3, 4, 5, 6, 7, 8, 9], ""INPUT_PATH"": ""data/raw"", ""RESULTS_PATH"": ""output/results"", ""GRAPHS_PATH"": ""data/graphs""}, ""GCN"": {""EPOCHS"": 250, ""HIDDEN_CHANNELS"": 128, ""HIDDEN_LAYERS"": 1, ""LEARNING_RATE"": 0.001, ""DROPOUT"": 0.2, ""WEIGHT_DECAY"": 0.0005, ""OPTIMIZER"": ""adamw"", ""WARMUP_EPOCHS"": 20, ""EARLY_STOP_PATIENCE"": 50, ""MIN_DELTA"": 0.001}, ""RF"": {""N_ESTIMATORS"": 200}, ""MLP"": {""HIDDEN_CHANNELS"": 64, ""HIDDEN_LAYERS"": 2, ""MAX_ITER"": 3000, ""LEARNING_RATE"": 0.01, ""ALPHA"": 0.0005}, ""DATASET"": {""VALIDATION_SPLIT"": 0.15, ""TEST_SPLIT"": 0.15, ""TRAIN_SPLIT"": 0.7}, ""RANDOM_SEED"": 3, ""SHOW_INFO"": true, ""EDGE_STRATEGY"": ""QB-CLOSEST-"", ""FORCE_REBUILD"": true, ""N"": 2, ""DOWN_SAMPLE"": true, ""QB_LINK"": false}"
4,FAIL,,2026-07-05 11:55:28.778730,696.113127,256,1,True,True,"{""FILES"": {""WEEKS_TO_READ"": [1, 2, 3, 4, 5, 6, 7, 8, 9], ""INPUT_PATH"": ""data/raw"", ""RESULTS_PATH"": ""output/results"", ""GRAPHS_PATH"": ""data/graphs""}, ""GCN"": {""EPOCHS"": 250, ""HIDDEN_CHANNELS"": 256, ""HIDDEN_LAYERS"": 1, ""LEARNING_RATE"": 0.001, ""DROPOUT"": 0.2, ""WEIGHT_DECAY"": 0.0005, ""OPTIMIZER"": ""adamw"", ""WARMUP_EPOCHS"": 20, ""EARLY_STOP_PATIENCE"": 50, ""MIN_DELTA"": 0.001}, ""RF"": {""N_ESTIMATORS"": 200}, ""MLP"": {""HIDDEN_CHANNELS"": 64, ""HIDDEN_LAYERS"": 2, ""MAX_ITER"": 3000, ""LEARNING_RATE"": 0.01, ""ALPHA"": 0.0005}, ""DATASET"": {""VALIDATION_SPLIT"": 0.15, ""TEST_SPLIT"": 0.15, ""TRAIN_SPLIT"": 0.7}, ""RANDOM_SEED"": 4, ""SHOW_INFO"": true, ""EDGE_STRATEGY"": ""QB-CLOSEST-"", ""FORCE_REBUILD"": true, ""N"": 2, ""DOWN_SAMPLE"": true, ""QB_LINK"": true}"
5,FAIL,,2026-07-05 11:55:28.779166,696.125003,256,2,False,True,"{""FILES"": {""WEEKS_TO_READ"": [1, 2, 3, 4, 5, 6, 7, 8, 9], ""INPUT_PATH"": ""data/raw"", ""RESULTS_PATH"": ""output/results"", ""GRAPHS_PATH"": ""data/graphs""}, ""GCN"": {""EPOCHS"": 250, ""HIDDEN_CHANNELS"": 256, ""HIDDEN_LAYERS"": 2, ""LEARNING_RATE"": 0.001, ""DROPOUT"": 0.2, ""WEIGHT_DECAY"": 0.0005, ""OPTIMIZER"": ""adamw"", ""WARMUP_EPOCHS"": 20, ""EARLY_STOP_PATIENCE"": 50, ""MIN_DELTA"": 0.001}, ""RF"": {""N_ESTIMATORS"": 200}, ""MLP"": {""HIDDEN_CHANNELS"": 64, ""HIDDEN_LAYERS"": 2, ""MAX_ITER"": 3000, ""LEARNING_RATE"": 0.01, ""ALPHA"": 0.0005}, ""DATASET"": {""VALIDATION_SPLIT"": 0.15, ""TEST_SPLIT"": 0.15, ""TRAIN_SPLIT"": 0.7}, ""RANDOM_SEED"": 5, ""SHOW_INFO"": true, ""EDGE_STRATEGY"": ""QB-CLOSEST-"", ""FORCE_REBUILD"": true, ""N"": 2, ""DOWN_SAMPLE"": false, ""QB_LINK"": true}"
6,COMPLETE,0.7647379912663755,2026-07-05 12:14:34.685016,1572.886208,128,2,True,False,"{""FILES"": {""WEEKS_TO_READ"": [1, 2, 3, 4, 5, 6, 7, 8, 9], ""INPUT_PATH"": ""data/raw"", ""RESULTS_PATH"": ""output/results"", ""GRAPHS_PATH"": ""data/graphs""}, ""GCN"": {""EPOCHS"": 250, ""HIDDEN_CHANNELS"": 128, ""HIDDEN_LAYERS"": 2, ""LEARNING_RATE"": 0.001, ""DROPOUT"": 0.2, ""WEIGHT_DECAY"": 0.0005, ""OPTIMIZER"": ""adamw"", ""WARMUP_EPOCHS"": 20, ""EARLY_STOP_PATIENCE"": 50, ""MIN_DELTA"": 0.001}, ""RF"": {""N_ESTIMATORS"": 200}, ""MLP"": {""HIDDEN_CHANNELS"": 64, ""HIDDEN_LAYERS"": 2, ""MAX_ITER"": 3000, ""LEARNING_RATE"": 0.01, ""ALPHA"": 0.0005}, ""DATASET"": {""VALIDATION_SPLIT"": 0.15, ""TEST_SPLIT"": 0.15, ""TRAIN_SPLIT"": 0.7}, ""RANDOM_SEED"": 6, ""SHOW_INFO"": true, ""EDGE_STRATEGY"": ""QB-CLOSEST-"", ""FORCE_REBUILD"": true, ""N"": 2, ""DOWN_SAMPLE"": true, ""QB_LINK"": false}"
7,COMPLETE,0.7478165938864629,2026-07-05 12:14:34.684307,1871.747739,128,3,True,True,"{""FILES"": {""WEEKS_TO_READ"": [1, 2, 3, 4, 5, 6, 7, 8, 9], ""INPUT_PATH"": ""data/raw"", ""RESULTS_PATH"": ""output/results"", ""GRAPHS_PATH"": ""data/graphs""}, ""GCN"": {""EPOCHS"": 250, ""HIDDEN_CHANNELS"": 128, ""HIDDEN_LAYERS"": 3, ""LEARNING_RATE"": 0.001, ""DROPOUT"": 0.2, ""WEIGHT_DECAY"": 0.0005, ""OPTIMIZER"": ""adamw"", ""WARMUP_EPOCHS"": 20, ""EARLY_STOP_PATIENCE"": 50, ""MIN_DELTA"": 0.001}, ""RF"": {""N_ESTIMATORS"": 200}, ""MLP"": {""HIDDEN_CHANNELS"": 64, ""HIDDEN_LAYERS"": 2, ""MAX_ITER"": 3000, ""LEARNING_RATE"": 0.01, ""ALPHA"": 0.0005}, ""DATASET"": {""VALIDATION_SPLIT"": 0.15, ""TEST_SPLIT"": 0.15, ""TRAIN_SPLIT"": 0.7}, ""RANDOM_SEED"": 7, ""SHOW_INFO"": true, ""EDGE_STRATEGY"": ""QB-CLOSEST-"", ""FORCE_REBUILD"": true, ""N"": 2, ""DOWN_SAMPLE"": true, ""QB_LINK"": true}"
8,COMPLETE,0.75764192139738,2026-07-05 12:14:34.681917,2109.181929,128,3,True,True,"{""FILES"": {""WEEKS_TO_READ"": [1, 2, 3, 4, 5, 6, 7, 8, 9], ""INPUT_PATH"": ""data/raw"", ""RESULTS_PATH"": ""output/results"", ""GRAPHS_PATH"": ""data/graphs""}, ""GCN"": {""EPOCHS"": 250, ""HIDDEN_CHANNELS"": 128, ""HIDDEN_LAYERS"": 3, ""LEARNING_RATE"": 0.001, ""DROPOUT"": 0.2, ""WEIGHT_DECAY"": 0.0005, ""OPTIMIZER"": ""adamw"", ""WARMUP_EPOCHS"": 20, ""EARLY_STOP_PATIENCE"": 50, ""MIN_DELTA"": 0.001}, ""RF"": {""N_ESTIMATORS"": 200}, ""MLP"": {""HIDDEN_CHANNELS"": 64, ""HIDDEN_LAYERS"": 2, ""MAX_ITER"": 3000, ""LEARNING_RATE"": 0.01, ""ALPHA"": 0.0005}, ""DATASET"": {""VALIDATION_SPLIT"": 0.15, ""TEST_SPLIT"": 0.15, ""TRAIN_SPLIT"": 0.7}, ""RANDOM_SEED"": 8, ""SHOW_INFO"": true, ""EDGE_STRATEGY"": ""QB-CLOSEST-"", ""FORCE_REBUILD"": true, ""N"": 2, ""DOWN_SAMPLE"": true, ""QB_LINK"": true}"
9,COMPLETE,0.743995633187773,2026-07-05 12:40:47.638329,1317.953423,128,3,True,True,"{""FILES"": {""WEEKS_TO_READ"": [1, 2, 3, 4, 5, 6, 7, 8, 9], ""INPUT_PATH"": ""data/raw"", ""RESULTS_PATH"": ""output/results"", ""GRAPHS_PATH"": ""data/graphs""}, ""GCN"": {""EPOCHS"": 250, ""HIDDEN_CHANNELS"": 128, ""HIDDEN_LAYERS"": 3, ""LEARNING_RATE"": 0.001, ""DROPOUT"": 0.2, ""WEIGHT_DECAY"": 0.0005, ""OPTIMIZER"": ""adamw"", ""WARMUP_EPOCHS"": 20, ""EARLY_STOP_PATIENCE"": 50, ""MIN_DELTA"": 0.001}, ""RF"": {""N_ESTIMATORS"": 200}, ""MLP"": {""HIDDEN_CHANNELS"": 64, ""HIDDEN_LAYERS"": 2, ""MAX_ITER"": 3000, ""LEARNING_RATE"": 0.01, ""ALPHA"": 0.0005}, ""DATASET"": {""VALIDATION_SPLIT"": 0.15, ""TEST_SPLIT"": 0.15, ""TRAIN_SPLIT"": 0.7}, ""RANDOM_SEED"": 9, ""SHOW_INFO"": true, ""EDGE_STRATEGY"": ""QB-CLOSEST-"", ""FORCE_REBUILD"": true, ""N"": 2, ""DOWN_SAMPLE"": true, ""QB_LINK"": true}"
10,COMPLETE,0.7745633187772926,2026-07-05 12:45:46.443824,1107.154616,256,1,True,True,"{""FILES"": {""WEEKS_TO_READ"": [1, 2, 3, 4, 5, 6, 7, 8, 9], ""INPUT_PATH"": ""data/raw"", ""RESULTS_PATH"": ""output/results"", ""GRAPHS_PATH"": ""data/graphs""}, ""GCN"": {""EPOCHS"": 250, ""HIDDEN_CHANNELS"": 256, ""HIDDEN_LAYERS"": 1, ""LEARNING_RATE"": 0.001, ""DROPOUT"": 0.2, ""WEIGHT_DECAY"": 0.0005, ""OPTIMIZER"": ""adamw"", ""WARMUP_EPOCHS"": 20, ""EARLY_STOP_PATIENCE"": 50, ""MIN_DELTA"": 0.001}, ""RF"": {""N_ESTIMATORS"": 200}, ""MLP"": {""HIDDEN_CHANNELS"": 64, ""HIDDEN_LAYERS"": 2, ""MAX_ITER"": 3000, ""LEARNING_RATE"": 0.01, ""ALPHA"": 0.0005}, ""DATASET"": {""VALIDATION_SPLIT"": 0.15, ""TEST_SPLIT"": 0.15, ""TRAIN_SPLIT"": 0.7}, ""RANDOM_SEED"": 10, ""SHOW_INFO"": true, ""EDGE_STRATEGY"": ""QB-CLOSEST-"", ""FORCE_REBUILD"": true, ""N"": 2, ""DOWN_SAMPLE"": true, ""QB_LINK"": true}"
11,COMPLETE,0.749351771823682,2026-07-05 12:49:43.883343,1411.365895,128,2,False,False,"{""FILES"": {""WEEKS_TO_READ"": [1, 2, 3, 4, 5, 6, 7, 8, 9], ""INPUT_PATH"": ""data/raw"", ""RESULTS_PATH"": ""output/results"", ""GRAPHS_PATH"": ""data/graphs""}, ""GCN"": {""EPOCHS"": 250, ""HIDDEN_CHANNELS"": 128, ""HIDDEN_LAYERS"": 2, ""LEARNING_RATE"": 0.001, ""DROPOUT"": 0.2, ""WEIGHT_DECAY"": 0.0005, ""OPTIMIZER"": ""adamw"", ""WARMUP_EPOCHS"": 20, ""EARLY_STOP_PATIENCE"": 50, ""MIN_DELTA"": 0.001}, ""RF"": {""N_ESTIMATORS"": 200}, ""MLP"": {""HIDDEN_CHANNELS"": 64, ""HIDDEN_LAYERS"": 2, ""MAX_ITER"": 3000, ""LEARNING_RATE"": 0.01, ""ALPHA"": 0.0005}, ""DATASET"": {""VALIDATION_SPLIT"": 0.15, ""TEST_SPLIT"": 0.15, ""TRAIN_SPLIT"": 0.7}, ""RANDOM_SEED"": 11, ""SHOW_INFO"": true, ""EDGE_STRATEGY"": ""QB-CLOSEST-"", ""FORCE_REBUILD"": true, ""N"": 2, ""DOWN_SAMPLE"": false, ""QB_LINK"": false}"
12,COMPLETE,0.7532751091703057,2026-07-05 13:02:45.605434,1260.429585,256,3,True,True,"{""FILES"": {""WEEKS_TO_READ"": [1, 2, 3, 4, 5, 6, 7, 8, 9], ""INPUT_PATH"": ""data/raw"", ""RESULTS_PATH"": ""output/results"", ""GRAPHS_PATH"": ""data/graphs""}, ""GCN"": {""EPOCHS"": 250, ""HIDDEN_CHANNELS"": 256, ""HIDDEN_LAYERS"": 3, ""LEARNING_RATE"": 0.001, ""DROPOUT"": 0.2, ""WEIGHT_DECAY"": 0.0005, ""OPTIMIZER"": ""adamw"", ""WARMUP_EPOCHS"": 20, ""EARLY_STOP_PATIENCE"": 50, ""MIN_DELTA"": 0.001}, ""RF"": {""N_ESTIMATORS"": 200}, ""MLP"": {""HIDDEN_CHANNELS"": 64, ""HIDDEN_LAYERS"": 2, ""MAX_ITER"": 3000, ""LEARNING_RATE"": 0.01, ""ALPHA"": 0.0005}, ""DATASET"": {""VALIDATION_SPLIT"": 0.15, ""TEST_SPLIT"": 0.15, ""TRAIN_SPLIT"": 0.7}, ""RANDOM_SEED"": 12, ""SHOW_INFO"": true, ""EDGE_STRATEGY"": ""QB-CLOSEST-"", ""FORCE_REBUILD"": true, ""N"": 2, ""DOWN_SAMPLE"": true, ""QB_LINK"": true}"
13,COMPLETE,0.7805676855895196,2026-07-05 13:04:13.621713,1495.789812,256,1,True,True,"{""FILES"": {""WEEKS_TO_READ"": [1, 2, 3, 4, 5, 6, 7, 8, 9], ""INPUT_PATH"": ""data/raw"", ""RESULTS_PATH"": ""output/results"", ""GRAPHS_PATH"": ""data/graphs""}, ""GCN"": {""EPOCHS"": 250, ""HIDDEN_CHANNELS"": 256, ""HIDDEN_LAYERS"": 1, ""LEARNING_RATE"": 0.001, ""DROPOUT"": 0.2, ""WEIGHT_DECAY"": 0.0005, ""OPTIMIZER"": ""adamw"", ""WARMUP_EPOCHS"": 20, ""EARLY_STOP_PATIENCE"": 50, ""MIN_DELTA"": 0.001}, ""RF"": {""N_ESTIMATORS"": 200}, ""MLP"": {""HIDDEN_CHANNELS"": 64, ""HIDDEN_LAYERS"": 2, ""MAX_ITER"": 3000, ""LEARNING_RATE"": 0.01, ""ALPHA"": 0.0005}, ""DATASET"": {""VALIDATION_SPLIT"": 0.15, ""TEST_SPLIT"": 0.15, ""TRAIN_SPLIT"": 0.7}, ""RANDOM_SEED"": 13, ""SHOW_INFO"": true, ""EDGE_STRATEGY"": ""QB-CLOSEST-"", ""FORCE_REBUILD"": true, ""N"": 2, ""DOWN_SAMPLE"": true, ""QB_LINK"": true}"
14,COMPLETE,0.7618841832324978,2026-07-05 13:13:15.260341,1423.456887,256,3,False,False,"{""FILES"": {""WEEKS_TO_READ"": [1, 2, 3, 4, 5, 6, 7, 8, 9], ""INPUT_PATH"": ""data/raw"", ""RESULTS_PATH"": ""output/results"", ""GRAPHS_PATH"": ""data/graphs""}, ""GCN"": {""EPOCHS"": 250, ""HIDDEN_CHANNELS"": 256, ""HIDDEN_LAYERS"": 3, ""LEARNING_RATE"": 0.001, ""DROPOUT"": 0.2, ""WEIGHT_DECAY"": 0.0005, ""OPTIMIZER"": ""adamw"", ""WARMUP_EPOCHS"": 20, ""EARLY_STOP_PATIENCE"": 50, ""MIN_DELTA"": 0.001}, ""RF"": {""N_ESTIMATORS"": 200}, ""MLP"": {""HIDDEN_CHANNELS"": 64, ""HIDDEN_LAYERS"": 2, ""MAX_ITER"": 3000, ""LEARNING_RATE"": 0.01, ""ALPHA"": 0.0005}, ""DATASET"": {""VALIDATION_SPLIT"": 0.15, ""TEST_SPLIT"": 0.15, ""TRAIN_SPLIT"": 0.7}, ""RANDOM_SEED"": 14, ""SHOW_INFO"": true, ""EDGE_STRATEGY"": ""QB-CLOSEST-"", ""FORCE_REBUILD"": true, ""N"": 2, ""DOWN_SAMPLE"": false, ""QB_LINK"": false}"
15,COMPLETE,0.7286084701815039,2026-07-05 13:23:46.047582,1586.425813,128,3,False,False,"{""FILES"": {""WEEKS_TO_READ"": [1, 2, 3, 4, 5, 6, 7, 8, 9], ""INPUT_PATH"": ""data/raw"", ""RESULTS_PATH"": ""output/results"", ""GRAPHS_PATH"": ""data/graphs""}, ""GCN"": {""EPOCHS"": 250, ""HIDDEN_CHANNELS"": 128, ""HIDDEN_LAYERS"": 3, ""LEARNING_RATE"": 0.001, ""DROPOUT"": 0.2, ""WEIGHT_DECAY"": 0.0005, ""OPTIMIZER"": ""adamw"", ""WARMUP_EPOCHS"": 20, ""EARLY_STOP_PATIENCE"": 50, ""MIN_DELTA"": 0.001}, ""RF"": {""N_ESTIMATORS"": 200}, ""MLP"": {""HIDDEN_CHANNELS"": 64, ""HIDDEN_LAYERS"": 2, ""MAX_ITER"": 3000, ""LEARNING_RATE"": 0.01, ""ALPHA"": 0.0005}, ""DATASET"": {""VALIDATION_SPLIT"": 0.15, ""TEST_SPLIT"": 0.15, ""TRAIN_SPLIT"": 0.7}, ""RANDOM_SEED"": 15, ""SHOW_INFO"": true, ""EDGE_STRATEGY"": ""QB-CLOSEST-"", ""FORCE_REBUILD"": true, ""N"": 2, ""DOWN_SAMPLE"": false, ""QB_LINK"": false}"
16,COMPLETE,0.7478165938864629,2026-07-05 13:29:09.426563,982.906477,256,2,True,False,"{""FILES"": {""WEEKS_TO_READ"": [1, 2, 3, 4, 5, 6, 7, 8, 9], ""INPUT_PATH"": ""data/raw"", ""RESULTS_PATH"": ""output/results"", ""GRAPHS_PATH"": ""data/graphs""}, ""GCN"": {""EPOCHS"": 250, ""HIDDEN_CHANNELS"": 256, ""HIDDEN_LAYERS"": 2, ""LEARNING_RATE"": 0.001, ""DROPOUT"": 0.2, ""WEIGHT_DECAY"": 0.0005, ""OPTIMIZER"": ""adamw"", ""WARMUP_EPOCHS"": 20, ""EARLY_STOP_PATIENCE"": 50, ""MIN_DELTA"": 0.001}, ""RF"": {""N_ESTIMATORS"": 200}, ""MLP"": {""HIDDEN_CHANNELS"": 64, ""HIDDEN_LAYERS"": 2, ""MAX_ITER"": 3000, ""LEARNING_RATE"": 0.01, ""ALPHA"": 0.0005}, ""DATASET"": {""VALIDATION_SPLIT"": 0.15, ""TEST_SPLIT"": 0.15, ""TRAIN_SPLIT"": 0.7}, ""RANDOM_SEED"": 16, ""SHOW_INFO"": true, ""EDGE_STRATEGY"": ""QB-CLOSEST-"", ""FORCE_REBUILD"": true, ""N"": 2, ""DOWN_SAMPLE"": true, ""QB_LINK"": false}"
17,COMPLETE,0.7445980985306828,2026-07-05 13:36:58.727837,1476.107871,128,3,False,True,"{""FILES"": {""WEEKS_TO_READ"": [1, 2, 3, 4, 5, 6, 7, 8, 9], ""INPUT_PATH"": ""data/raw"", ""RESULTS_PATH"": ""output/results"", ""GRAPHS_PATH"": ""data/graphs""}, ""GCN"": {""EPOCHS"": 250, ""HIDDEN_CHANNELS"": 128, ""HIDDEN_LAYERS"": 3, ""LEARNING_RATE"": 0.001, ""DROPOUT"": 0.2, ""WEIGHT_DECAY"": 0.0005, ""OPTIMIZER"": ""adamw"", ""WARMUP_EPOCHS"": 20, ""EARLY_STOP_PATIENCE"": 50, ""MIN_DELTA"": 0.001}, ""RF"": {""N_ESTIMATORS"": 200}, ""MLP"": {""HIDDEN_CHANNELS"": 64, ""HIDDEN_LAYERS"": 2, ""MAX_ITER"": 3000, ""LEARNING_RATE"": 0.01, ""ALPHA"": 0.0005}, ""DATASET"": {""VALIDATION_SPLIT"": 0.15, ""TEST_SPLIT"": 0.15, ""TRAIN_SPLIT"": 0.7}, ""RANDOM_SEED"": 17, ""SHOW_INFO"": true, ""EDGE_STRATEGY"": ""QB-CLOSEST-"", ""FORCE_REBUILD"": true, ""N"": 2, ""DOWN_SAMPLE"": false, ""QB_LINK"": true}"
18,COMPLETE,0.7895419187554019,2026-07-05 13:45:32.344463,1518.281941,256,1,False,True,"{""FILES"": {""WEEKS_TO_READ"": [1, 2, 3, 4, 5, 6, 7, 8, 9], ""INPUT_PATH"": ""data/raw"", ""RESULTS_PATH"": ""output/results"", ""GRAPHS_PATH"": ""data/graphs""}, ""GCN"": {""EPOCHS"": 250, ""HIDDEN_CHANNELS"": 256, ""HIDDEN_LAYERS"": 1, ""LEARNING_RATE"": 0.001, ""DROPOUT"": 0.2, ""WEIGHT_DECAY"": 0.0005, ""OPTIMIZER"": ""adamw"", ""WARMUP_EPOCHS"": 20, ""EARLY_STOP_PATIENCE"": 50, ""MIN_DELTA"": 0.001}, ""RF"": {""N_ESTIMATORS"": 200}, ""MLP"": {""HIDDEN_CHANNELS"": 64, ""HIDDEN_LAYERS"": 2, ""MAX_ITER"": 3000, ""LEARNING_RATE"": 0.01, ""ALPHA"": 0.0005}, ""DATASET"": {""VALIDATION_SPLIT"": 0.15, ""TEST_SPLIT"": 0.15, ""TRAIN_SPLIT"": 0.7}, ""RANDOM_SEED"": 18, ""SHOW_INFO"": true, ""EDGE_STRATEGY"": ""QB-CLOSEST-"", ""FORCE_REBUILD"": true, ""N"": 2, ""DOWN_SAMPLE"": false, ""QB_LINK"": true}"
19,COMPLETE,0.7767467248908297,2026-07-05 13:50:12.485617,1172.948318,256,1,True,True,"{""FILES"": {""WEEKS_TO_READ"": [1, 2, 3, 4, 5, 6, 7, 8, 9], ""INPUT_PATH"": ""data/raw"", ""RESULTS_PATH"": ""output/results"", ""GRAPHS_PATH"": ""data/graphs""}, ""GCN"": {""EPOCHS"": 250, ""HIDDEN_CHANNELS"": 256, ""HIDDEN_LAYERS"": 1, ""LEARNING_RATE"": 0.001, ""DROPOUT"": 0.2, ""WEIGHT_DECAY"": 0.0005, ""OPTIMIZER"": ""adamw"", ""WARMUP_EPOCHS"": 20, ""EARLY_STOP_PATIENCE"": 50, ""MIN_DELTA"": 0.001}, ""RF"": {""N_ESTIMATORS"": 200}, ""MLP"": {""HIDDEN_CHANNELS"": 64, ""HIDDEN_LAYERS"": 2, ""MAX_ITER"": 3000, ""LEARNING_RATE"": 0.01, ""ALPHA"": 0.0005}, ""DATASET"": {""VALIDATION_SPLIT"": 0.15, ""TEST_SPLIT"": 0.15, ""TRAIN_SPLIT"": 0.7}, ""RANDOM_SEED"": 19, ""SHOW_INFO"": true, ""EDGE_STRATEGY"": ""QB-CLOSEST-"", ""FORCE_REBUILD"": true, ""N"": 2, ""DOWN_SAMPLE"": true, ""QB_LINK"": true}"
20,COMPLETE,0.7887554585152838,2026-07-05 14:01:34.848535,1472.763456,256,1,True,True,"{""FILES"": {""WEEKS_TO_READ"": [1, 2, 3, 4, 5, 6, 7, 8, 9], ""INPUT_PATH"": ""data/raw"", ""RESULTS_PATH"": ""output/results"", ""GRAPHS_PATH"": ""data/graphs""}, ""GCN"": {""EPOCHS"": 250, ""HIDDEN_CHANNELS"": 256, ""HIDDEN_LAYERS"": 1, ""LEARNING_RATE"": 0.001, ""DROPOUT"": 0.2, ""WEIGHT_DECAY"": 0.0005, ""OPTIMIZER"": ""adamw"", ""WARMUP_EPOCHS"": 20, ""EARLY_STOP_PATIENCE"": 50, ""MIN_DELTA"": 0.001}, ""RF"": {""N_ESTIMATORS"": 200}, ""MLP"": {""HIDDEN_CHANNELS"": 64, ""HIDDEN_LAYERS"": 2, ""MAX_ITER"": 3000, ""LEARNING_RATE"": 0.01, ""ALPHA"": 0.0005}, ""DATASET"": {""VALIDATION_SPLIT"": 0.15, ""TEST_SPLIT"": 0.15, ""TRAIN_SPLIT"": 0.7}, ""RANDOM_SEED"": 20, ""SHOW_INFO"": true, ""EDGE_STRATEGY"": ""QB-CLOSEST-"", ""FORCE_REBUILD"": true, ""N"": 2, ""DOWN_SAMPLE"": true, ""QB_LINK"": true}"
21,COMPLETE,0.7903930131004366,2026-07-05 14:09:45.456842,1422.386078,256,1,True,True,"{""FILES"": {""WEEKS_TO_READ"": [1, 2, 3, 4, 5, 6, 7, 8, 9], ""INPUT_PATH"": ""data/raw"", ""RESULTS_PATH"": ""output/results"", ""GRAPHS_PATH"": ""data/graphs""}, ""GCN"": {""EPOCHS"": 250, ""HIDDEN_CHANNELS"": 256, ""HIDDEN_LAYERS"": 1, ""LEARNING_RATE"": 0.001, ""DROPOUT"": 0.2, ""WEIGHT_DECAY"": 0.0005, ""OPTIMIZER"": ""adamw"", ""WARMUP_EPOCHS"": 20, ""EARLY_STOP_PATIENCE"": 50, ""MIN_DELTA"": 0.001}, ""RF"": {""N_ESTIMATORS"": 200}, ""MLP"": {""HIDDEN_CHANNELS"": 64, ""HIDDEN_LAYERS"": 2, ""MAX_ITER"": 3000, ""LEARNING_RATE"": 0.01, ""ALPHA"": 0.0005}, ""DATASET"": {""VALIDATION_SPLIT"": 0.15, ""TEST_SPLIT"": 0.15, ""TRAIN_SPLIT"": 0.7}, ""RANDOM_SEED"": 21, ""SHOW_INFO"": true, ""EDGE_STRATEGY"": ""QB-CLOSEST-"", ""FORCE_REBUILD"": true, ""N"": 2, ""DOWN_SAMPLE"": true, ""QB_LINK"": true}"
22,COMPLETE,0.7817631806395852,2026-07-05 14:10:50.650117,1747.660242,256,1,False,True,"{""FILES"": {""WEEKS_TO_READ"": [1, 2, 3, 4, 5, 6, 7, 8, 9], ""INPUT_PATH"": ""data/raw"", ""RESULTS_PATH"": ""output/results"", ""GRAPHS_PATH"": ""data/graphs""}, ""GCN"": {""EPOCHS"": 250, ""HIDDEN_CHANNELS"": 256, ""HIDDEN_LAYERS"": 1, ""LEARNING_RATE"": 0.001, ""DROPOUT"": 0.2, ""WEIGHT_DECAY"": 0.0005, ""OPTIMIZER"": ""adamw"", ""WARMUP_EPOCHS"": 20, ""EARLY_STOP_PATIENCE"": 50, ""MIN_DELTA"": 0.001}, ""RF"": {""N_ESTIMATORS"": 200}, ""MLP"": {""HIDDEN_CHANNELS"": 64, ""HIDDEN_LAYERS"": 2, ""MAX_ITER"": 3000, ""LEARNING_RATE"": 0.01, ""ALPHA"": 0.0005}, ""DATASET"": {""VALIDATION_SPLIT"": 0.15, ""TEST_SPLIT"": 0.15, ""TRAIN_SPLIT"": 0.7}, ""RANDOM_SEED"": 22, ""SHOW_INFO"": true, ""EDGE_STRATEGY"": ""QB-CLOSEST-"", ""FORCE_REBUILD"": true, ""N"": 2, ""DOWN_SAMPLE"": false, ""QB_LINK"": true}"
23,COMPLETE,0.7917026793431288,2026-07-05 14:26:07.624634,1461.639019,256,1,False,True,"{""FILES"": {""WEEKS_TO_READ"": [1, 2, 3, 4, 5, 6, 7, 8, 9], ""INPUT_PATH"": ""data/raw"", ""RESULTS_PATH"": ""output/results"", ""GRAPHS_PATH"": ""data/graphs""}, ""GCN"": {""EPOCHS"": 250, ""HIDDEN_CHANNELS"": 256, ""HIDDEN_LAYERS"": 1, ""LEARNING_RATE"": 0.001, ""DROPOUT"": 0.2, ""WEIGHT_DECAY"": 0.0005, ""OPTIMIZER"": ""adamw"", ""WARMUP_EPOCHS"": 20, ""EARLY_STOP_PATIENCE"": 50, ""MIN_DELTA"": 0.001}, ""RF"": {""N_ESTIMATORS"": 200}, ""MLP"": {""HIDDEN_CHANNELS"": 64, ""HIDDEN_LAYERS"": 2, ""MAX_ITER"": 3000, ""LEARNING_RATE"": 0.01, ""ALPHA"": 0.0005}, ""DATASET"": {""VALIDATION_SPLIT"": 0.15, ""TEST_SPLIT"": 0.15, ""TRAIN_SPLIT"": 0.7}, ""RANDOM_SEED"": 23, ""SHOW_INFO"": true, ""EDGE_STRATEGY"": ""QB-CLOSEST-"", ""FORCE_REBUILD"": true, ""N"": 2, ""DOWN_SAMPLE"": false, ""QB_LINK"": true}"
24,COMPLETE,0.7774416594641314,2026-07-05 14:33:27.859471,1390.329856,256,1,False,True,"{""FILES"": {""WEEKS_TO_READ"": [1, 2, 3, 4, 5, 6, 7, 8, 9], ""INPUT_PATH"": ""data/raw"", ""RESULTS_PATH"": ""output/results"", ""GRAPHS_PATH"": ""data/graphs""}, ""GCN"": {""EPOCHS"": 250, ""HIDDEN_CHANNELS"": 256, ""HIDDEN_LAYERS"": 1, ""LEARNING_RATE"": 0.001, ""DROPOUT"": 0.2, ""WEIGHT_DECAY"": 0.0005, ""OPTIMIZER"": ""adamw"", ""WARMUP_EPOCHS"": 20, ""EARLY_STOP_PATIENCE"": 50, ""MIN_DELTA"": 0.001}, ""RF"": {""N_ESTIMATORS"": 200}, ""MLP"": {""HIDDEN_CHANNELS"": 64, ""HIDDEN_LAYERS"": 2, ""MAX_ITER"": 3000, ""LEARNING_RATE"": 0.01, ""ALPHA"": 0.0005}, ""DATASET"": {""VALIDATION_SPLIT"": 0.15, ""TEST_SPLIT"": 0.15, ""TRAIN_SPLIT"": 0.7}, ""RANDOM_SEED"": 24, ""SHOW_INFO"": true, ""EDGE_STRATEGY"": ""QB-CLOSEST-"", ""FORCE_REBUILD"": true, ""N"": 2, ""DOWN_SAMPLE"": false, ""QB_LINK"": true}"
25,COMPLETE,0.7955920484010371,2026-07-05 14:39:58.334090,1603.107521,256,1,False,True,"{""FILES"": {""WEEKS_TO_READ"": [1, 2, 3, 4, 5, 6, 7, 8, 9], ""INPUT_PATH"": ""data/raw"", ""RESULTS_PATH"": ""output/results"", ""GRAPHS_PATH"": ""data/graphs""}, ""GCN"": {""EPOCHS"": 250, ""HIDDEN_CHANNELS"": 256, ""HIDDEN_LAYERS"": 1, ""LEARNING_RATE"": 0.001, ""DROPOUT"": 0.2, ""WEIGHT_DECAY"": 0.0005, ""OPTIMIZER"": ""adamw"", ""WARMUP_EPOCHS"": 20, ""EARLY_STOP_PATIENCE"": 50, ""MIN_DELTA"": 0.001}, ""RF"": {""N_ESTIMATORS"": 200}, ""MLP"": {""HIDDEN_CHANNELS"": 64, ""HIDDEN_LAYERS"": 2, ""MAX_ITER"": 3000, ""LEARNING_RATE"": 0.01, ""ALPHA"": 0.0005}, ""DATASET"": {""VALIDATION_SPLIT"": 0.15, ""TEST_SPLIT"": 0.15, ""TRAIN_SPLIT"": 0.7}, ""RANDOM_SEED"": 25, ""SHOW_INFO"": true, ""EDGE_STRATEGY"": ""QB-CLOSEST-"", ""FORCE_REBUILD"": true, ""N"": 2, ""DOWN_SAMPLE"": false, ""QB_LINK"": true}"
26,COMPLETE,0.7471910112359551,2026-07-05 14:50:29.281159,1358.18732,256,2,False,True,"{""FILES"": {""WEEKS_TO_READ"": [1, 2, 3, 4, 5, 6, 7, 8, 9], ""INPUT_PATH"": ""data/raw"", ""RESULTS_PATH"": ""output/results"", ""GRAPHS_PATH"": ""data/graphs""}, ""GCN"": {""EPOCHS"": 250, ""HIDDEN_CHANNELS"": 256, ""HIDDEN_LAYERS"": 2, ""LEARNING_RATE"": 0.001, ""DROPOUT"": 0.2, ""WEIGHT_DECAY"": 0.0005, ""OPTIMIZER"": ""adamw"", ""WARMUP_EPOCHS"": 20, ""EARLY_STOP_PATIENCE"": 50, ""MIN_DELTA"": 0.001}, ""RF"": {""N_ESTIMATORS"": 200}, ""MLP"": {""HIDDEN_CHANNELS"": 64, ""HIDDEN_LAYERS"": 2, ""MAX_ITER"": 3000, ""LEARNING_RATE"": 0.01, ""ALPHA"": 0.0005}, ""DATASET"": {""VALIDATION_SPLIT"": 0.15, ""TEST_SPLIT"": 0.15, ""TRAIN_SPLIT"": 0.7}, ""RANDOM_SEED"": 26, ""SHOW_INFO"": true, ""EDGE_STRATEGY"": ""QB-CLOSEST-"", ""FORCE_REBUILD"": true, ""N"": 2, ""DOWN_SAMPLE"": false, ""QB_LINK"": true}"
27,COMPLETE,0.7653414001728609,2026-07-05 14:56:38.211512,1392.95317,256,2,False,True,"{""FILES"": {""WEEKS_TO_READ"": [1, 2, 3, 4, 5, 6, 7, 8, 9], ""INPUT_PATH"": ""data/raw"", ""RESULTS_PATH"": ""output/results"", ""GRAPHS_PATH"": ""data/graphs""}, ""GCN"": {""EPOCHS"": 250, ""HIDDEN_CHANNELS"": 256, ""HIDDEN_LAYERS"": 2, ""LEARNING_RATE"": 0.001, ""DROPOUT"": 0.2, ""WEIGHT_DECAY"": 0.0005, ""OPTIMIZER"": ""adamw"", ""WARMUP_EPOCHS"": 20, ""EARLY_STOP_PATIENCE"": 50, ""MIN_DELTA"": 0.001}, ""RF"": {""N_ESTIMATORS"": 200}, ""MLP"": {""HIDDEN_CHANNELS"": 64, ""HIDDEN_LAYERS"": 2, ""MAX_ITER"": 3000, ""LEARNING_RATE"": 0.01, ""ALPHA"": 0.0005}, ""DATASET"": {""VALIDATION_SPLIT"": 0.15, ""TEST_SPLIT"": 0.15, ""TRAIN_SPLIT"": 0.7}, ""RANDOM_SEED"": 27, ""SHOW_INFO"": true, ""EDGE_STRATEGY"": ""QB-CLOSEST-"", ""FORCE_REBUILD"": true, ""N"": 2, ""DOWN_SAMPLE"": false, ""QB_LINK"": true}"
28,COMPLETE,0.7497839239412273,2026-07-05 15:06:41.460350,1320.64456,256,2,False,True,"{""FILES"": {""WEEKS_TO_READ"": [1, 2, 3, 4, 5, 6, 7, 8, 9], ""INPUT_PATH"": ""data/raw"", ""RESULTS_PATH"": ""output/results"", ""GRAPHS_PATH"": ""data/graphs""}, ""GCN"": {""EPOCHS"": 250, ""HIDDEN_CHANNELS"": 256, ""HIDDEN_LAYERS"": 2, ""LEARNING_RATE"": 0.001, ""DROPOUT"": 0.2, ""WEIGHT_DECAY"": 0.0005, ""OPTIMIZER"": ""adamw"", ""WARMUP_EPOCHS"": 20, ""EARLY_STOP_PATIENCE"": 50, ""MIN_DELTA"": 0.001}, ""RF"": {""N_ESTIMATORS"": 200}, ""MLP"": {""HIDDEN_CHANNELS"": 64, ""HIDDEN_LAYERS"": 2, ""MAX_ITER"": 3000, ""LEARNING_RATE"": 0.01, ""ALPHA"": 0.0005}, ""DATASET"": {""VALIDATION_SPLIT"": 0.15, ""TEST_SPLIT"": 0.15, ""TRAIN_SPLIT"": 0.7}, ""RANDOM_SEED"": 28, ""SHOW_INFO"": true, ""EDGE_STRATEGY"": ""QB-CLOSEST-"", ""FORCE_REBUILD"": true, ""N"": 2, ""DOWN_SAMPLE"": false, ""QB_LINK"": true}"
29,COMPLETE,0.7899740708729472,2026-07-05 15:13:07.488425,1639.455771,256,1,False,True,"{""FILES"": {""WEEKS_TO_READ"": [1, 2, 3, 4, 5, 6, 7, 8, 9], ""INPUT_PATH"": ""data/raw"", ""RESULTS_PATH"": ""output/results"", ""GRAPHS_PATH"": ""data/graphs""}, ""GCN"": {""EPOCHS"": 250, ""HIDDEN_CHANNELS"": 256, ""HIDDEN_LAYERS"": 1, ""LEARNING_RATE"": 0.001, ""DROPOUT"": 0.2, ""WEIGHT_DECAY"": 0.0005, ""OPTIMIZER"": ""adamw"", ""WARMUP_EPOCHS"": 20, ""EARLY_STOP_PATIENCE"": 50, ""MIN_DELTA"": 0.001}, ""RF"": {""N_ESTIMATORS"": 200}, ""MLP"": {""HIDDEN_CHANNELS"": 64, ""HIDDEN_LAYERS"": 2, ""MAX_ITER"": 3000, ""LEARNING_RATE"": 0.01, ""ALPHA"": 0.0005}, ""DATASET"": {""VALIDATION_SPLIT"": 0.15, ""TEST_SPLIT"": 0.15, ""TRAIN_SPLIT"": 0.7}, ""RANDOM_SEED"": 29, ""SHOW_INFO"": true, ""EDGE_STRATEGY"": ""QB-CLOSEST-"", ""FORCE_REBUILD"": true, ""N"": 2, ""DOWN_SAMPLE"": false, ""QB_LINK"": true}"
30,COMPLETE,0.7627484874675886,2026-07-05 15:19:51.176617,1424.394601,256,1,False,True,"{""FILES"": {""WEEKS_TO_READ"": [1, 2, 3, 4, 5, 6, 7, 8, 9], ""INPUT_PATH"": ""data/raw"", ""RESULTS_PATH"": ""output/results"", ""GRAPHS_PATH"": ""data/graphs""}, ""GCN"": {""EPOCHS"": 250, ""HIDDEN_CHANNELS"": 256, ""HIDDEN_LAYERS"": 1, ""LEARNING_RATE"": 0.001, ""DROPOUT"": 0.2, ""WEIGHT_DECAY"": 0.0005, ""OPTIMIZER"": ""adamw"", ""WARMUP_EPOCHS"": 20, ""EARLY_STOP_PATIENCE"": 50, ""MIN_DELTA"": 0.001}, ""RF"": {""N_ESTIMATORS"": 200}, ""MLP"": {""HIDDEN_CHANNELS"": 64, ""HIDDEN_LAYERS"": 2, ""MAX_ITER"": 3000, ""LEARNING_RATE"": 0.01, ""ALPHA"": 0.0005}, ""DATASET"": {""VALIDATION_SPLIT"": 0.15, ""TEST_SPLIT"": 0.15, ""TRAIN_SPLIT"": 0.7}, ""RANDOM_SEED"": 30, ""SHOW_INFO"": true, ""EDGE_STRATEGY"": ""QB-CLOSEST-"", ""FORCE_REBUILD"": true, ""N"": 2, ""DOWN_SAMPLE"": false, ""QB_LINK"": true}"
31,COMPLETE,0.7796024200518582,2026-07-05 15:28:42.119517,1587.122779,256,1,False,True,"{""FILES"": {""WEEKS_TO_READ"": [1, 2, 3, 4, 5, 6, 7, 8, 9], ""INPUT_PATH"": ""data/raw"", ""RESULTS_PATH"": ""output/results"", ""GRAPHS_PATH"": ""data/graphs""}, ""GCN"": {""EPOCHS"": 250, ""HIDDEN_CHANNELS"": 256, ""HIDDEN_LAYERS"": 1, ""LEARNING_RATE"": 0.001, ""DROPOUT"": 0.2, ""WEIGHT_DECAY"": 0.0005, ""OPTIMIZER"": ""adamw"", ""WARMUP_EPOCHS"": 20, ""EARLY_STOP_PATIENCE"": 50, ""MIN_DELTA"": 0.001}, ""RF"": {""N_ESTIMATORS"": 200}, ""MLP"": {""HIDDEN_CHANNELS"": 64, ""HIDDEN_LAYERS"": 2, ""MAX_ITER"": 3000, ""LEARNING_RATE"": 0.01, ""ALPHA"": 0.0005}, ""DATASET"": {""VALIDATION_SPLIT"": 0.15, ""TEST_SPLIT"": 0.15, ""TRAIN_SPLIT"": 0.7}, ""RANDOM_SEED"": 31, ""SHOW_INFO"": true, ""EDGE_STRATEGY"": ""QB-CLOSEST-"", ""FORCE_REBUILD"": true, ""N"": 2, ""DOWN_SAMPLE"": false, ""QB_LINK"": true}"
32,COMPLETE,0.7852203975799481,2026-07-05 15:40:26.956347,1721.000526,256,1,False,True,"{""FILES"": {""WEEKS_TO_READ"": [1, 2, 3, 4, 5, 6, 7, 8, 9], ""INPUT_PATH"": ""data/raw"", ""RESULTS_PATH"": ""output/results"", ""GRAPHS_PATH"": ""data/graphs""}, ""GCN"": {""EPOCHS"": 250, ""HIDDEN_CHANNELS"": 256, ""HIDDEN_LAYERS"": 1, ""LEARNING_RATE"": 0.001, ""DROPOUT"": 0.2, ""WEIGHT_DECAY"": 0.0005, ""OPTIMIZER"": ""adamw"", ""WARMUP_EPOCHS"": 20, ""EARLY_STOP_PATIENCE"": 50, ""MIN_DELTA"": 0.001}, ""RF"": {""N_ESTIMATORS"": 200}, ""MLP"": {""HIDDEN_CHANNELS"": 64, ""HIDDEN_LAYERS"": 2, ""MAX_ITER"": 3000, ""LEARNING_RATE"": 0.01, ""ALPHA"": 0.0005}, ""DATASET"": {""VALIDATION_SPLIT"": 0.15, ""TEST_SPLIT"": 0.15, ""TRAIN_SPLIT"": 0.7}, ""RANDOM_SEED"": 32, ""SHOW_INFO"": true, ""EDGE_STRATEGY"": ""QB-CLOSEST-"", ""FORCE_REBUILD"": true, ""N"": 2, ""DOWN_SAMPLE"": false, ""QB_LINK"": true}"
33,COMPLETE,0.7783059636992221,2026-07-05 15:43:35.605561,1133.402692,256,1,False,True,"{""FILES"": {""WEEKS_TO_READ"": [1, 2, 3, 4, 5, 6, 7, 8, 9], ""INPUT_PATH"": ""data/raw"", ""RESULTS_PATH"": ""output/results"", ""GRAPHS_PATH"": ""data/graphs""}, ""GCN"": {""EPOCHS"": 250, ""HIDDEN_CHANNELS"": 256, ""HIDDEN_LAYERS"": 1, ""LEARNING_RATE"": 0.001, ""DROPOUT"": 0.2, ""WEIGHT_DECAY"": 0.0005, ""OPTIMIZER"": ""adamw"", ""WARMUP_EPOCHS"": 20, ""EARLY_STOP_PATIENCE"": 50, ""MIN_DELTA"": 0.001}, ""RF"": {""N_ESTIMATORS"": 200}, ""MLP"": {""HIDDEN_CHANNELS"": 64, ""HIDDEN_LAYERS"": 2, ""MAX_ITER"": 3000, ""LEARNING_RATE"": 0.01, ""ALPHA"": 0.0005}, ""DATASET"": {""VALIDATION_SPLIT"": 0.15, ""TEST_SPLIT"": 0.15, ""TRAIN_SPLIT"": 0.7}, ""RANDOM_SEED"": 33, ""SHOW_INFO"": true, ""EDGE_STRATEGY"": ""QB-CLOSEST-"", ""FORCE_REBUILD"": true, ""N"": 2, ""DOWN_SAMPLE"": false, ""QB_LINK"": true}"
34,COMPLETE,0.7757130509939498,2026-07-05 15:55:09.254928,1627.528514,256,1,False,False,"{""FILES"": {""WEEKS_TO_READ"": [1, 2, 3, 4, 5, 6, 7, 8, 9], ""INPUT_PATH"": ""data/raw"", ""RESULTS_PATH"": ""output/results"", ""GRAPHS_PATH"": ""data/graphs""}, ""GCN"": {""EPOCHS"": 250, ""HIDDEN_CHANNELS"": 256, ""HIDDEN_LAYERS"": 1, ""LEARNING_RATE"": 0.001, ""DROPOUT"": 0.2, ""WEIGHT_DECAY"": 0.0005, ""OPTIMIZER"": ""adamw"", ""WARMUP_EPOCHS"": 20, ""EARLY_STOP_PATIENCE"": 50, ""MIN_DELTA"": 0.001}, ""RF"": {""N_ESTIMATORS"": 200}, ""MLP"": {""HIDDEN_CHANNELS"": 64, ""HIDDEN_LAYERS"": 2, ""MAX_ITER"": 3000, ""LEARNING_RATE"": 0.01, ""ALPHA"": 0.0005}, ""DATASET"": {""VALIDATION_SPLIT"": 0.15, ""TEST_SPLIT"": 0.15, ""TRAIN_SPLIT"": 0.7}, ""RANDOM_SEED"": 34, ""SHOW_INFO"": true, ""EDGE_STRATEGY"": ""QB-CLOSEST-"", ""FORCE_REBUILD"": true, ""N"": 2, ""DOWN_SAMPLE"": false, ""QB_LINK"": false}"
35,COMPLETE,0.7757130509939498,2026-07-05 16:02:29.020534,1061.608712,256,1,False,False,"{""FILES"": {""WEEKS_TO_READ"": [1, 2, 3, 4, 5, 6, 7, 8, 9], ""INPUT_PATH"": ""data/raw"", ""RESULTS_PATH"": ""output/results"", ""GRAPHS_PATH"": ""data/graphs""}, ""GCN"": {""EPOCHS"": 250, ""HIDDEN_CHANNELS"": 256, ""HIDDEN_LAYERS"": 1, ""LEARNING_RATE"": 0.001, ""DROPOUT"": 0.2, ""WEIGHT_DECAY"": 0.0005, ""OPTIMIZER"": ""adamw"", ""WARMUP_EPOCHS"": 20, ""EARLY_STOP_PATIENCE"": 50, ""MIN_DELTA"": 0.001}, ""RF"": {""N_ESTIMATORS"": 200}, ""MLP"": {""HIDDEN_CHANNELS"": 64, ""HIDDEN_LAYERS"": 2, ""MAX_ITER"": 3000, ""LEARNING_RATE"": 0.01, ""ALPHA"": 0.0005}, ""DATASET"": {""VALIDATION_SPLIT"": 0.15, ""TEST_SPLIT"": 0.15, ""TRAIN_SPLIT"": 0.7}, ""RANDOM_SEED"": 35, ""SHOW_INFO"": true, ""EDGE_STRATEGY"": ""QB-CLOSEST-"", ""FORCE_REBUILD"": true, ""N"": 2, ""DOWN_SAMPLE"": false, ""QB_LINK"": false}"
36,COMPLETE,0.7685589519650655,2026-07-05 16:09:07.967401,1377.114051,256,2,True,False,"{""FILES"": {""WEEKS_TO_READ"": [1, 2, 3, 4, 5, 6, 7, 8, 9], ""INPUT_PATH"": ""data/raw"", ""RESULTS_PATH"": ""output/results"", ""GRAPHS_PATH"": ""data/graphs""}, ""GCN"": {""EPOCHS"": 250, ""HIDDEN_CHANNELS"": 256, ""HIDDEN_LAYERS"": 2, ""LEARNING_RATE"": 0.001, ""DROPOUT"": 0.2, ""WEIGHT_DECAY"": 0.0005, ""OPTIMIZER"": ""adamw"", ""WARMUP_EPOCHS"": 20, ""EARLY_STOP_PATIENCE"": 50, ""MIN_DELTA"": 0.001}, ""RF"": {""N_ESTIMATORS"": 200}, ""MLP"": {""HIDDEN_CHANNELS"": 64, ""HIDDEN_LAYERS"": 2, ""MAX_ITER"": 3000, ""LEARNING_RATE"": 0.01, ""ALPHA"": 0.0005}, ""DATASET"": {""VALIDATION_SPLIT"": 0.15, ""TEST_SPLIT"": 0.15, ""TRAIN_SPLIT"": 0.7}, ""RANDOM_SEED"": 36, ""SHOW_INFO"": true, ""EDGE_STRATEGY"": ""QB-CLOSEST-"", ""FORCE_REBUILD"": true, ""N"": 2, ""DOWN_SAMPLE"": true, ""QB_LINK"": false}"
37,COMPLETE,0.7412663755458515,2026-07-05 16:20:10.642305,1458.598447,256,2,True,False,"{""FILES"": {""WEEKS_TO_READ"": [1, 2, 3, 4, 5, 6, 7, 8, 9], ""INPUT_PATH"": ""data/raw"", ""RESULTS_PATH"": ""output/results"", ""GRAPHS_PATH"": ""data/graphs""}, ""GCN"": {""EPOCHS"": 250, ""HIDDEN_CHANNELS"": 256, ""HIDDEN_LAYERS"": 2, ""LEARNING_RATE"": 0.001, ""DROPOUT"": 0.2, ""WEIGHT_DECAY"": 0.0005, ""OPTIMIZER"": ""adamw"", ""WARMUP_EPOCHS"": 20, ""EARLY_STOP_PATIENCE"": 50, ""MIN_DELTA"": 0.001}, ""RF"": {""N_ESTIMATORS"": 200}, ""MLP"": {""HIDDEN_CHANNELS"": 64, ""HIDDEN_LAYERS"": 2, ""MAX_ITER"": 3000, ""LEARNING_RATE"": 0.01, ""ALPHA"": 0.0005}, ""DATASET"": {""VALIDATION_SPLIT"": 0.15, ""TEST_SPLIT"": 0.15, ""TRAIN_SPLIT"": 0.7}, ""RANDOM_SEED"": 37, ""SHOW_INFO"": true, ""EDGE_STRATEGY"": ""QB-CLOSEST-"", ""FORCE_REBUILD"": true, ""N"": 2, ""DOWN_SAMPLE"": true, ""QB_LINK"": false}"
38,COMPLETE,0.767467248908297,2026-07-05 16:22:16.812131,1046.512957,256,2,True,True,"{""FILES"": {""WEEKS_TO_READ"": [1, 2, 3, 4, 5, 6, 7, 8, 9], ""INPUT_PATH"": ""data/raw"", ""RESULTS_PATH"": ""output/results"", ""GRAPHS_PATH"": ""data/graphs""}, ""GCN"": {""EPOCHS"": 250, ""HIDDEN_CHANNELS"": 256, ""HIDDEN_LAYERS"": 2, ""LEARNING_RATE"": 0.001, ""DROPOUT"": 0.2, ""WEIGHT_DECAY"": 0.0005, ""OPTIMIZER"": ""adamw"", ""WARMUP_EPOCHS"": 20, ""EARLY_STOP_PATIENCE"": 50, ""MIN_DELTA"": 0.001}, ""RF"": {""N_ESTIMATORS"": 200}, ""MLP"": {""HIDDEN_CHANNELS"": 64, ""HIDDEN_LAYERS"": 2, ""MAX_ITER"": 3000, ""LEARNING_RATE"": 0.01, ""ALPHA"": 0.0005}, ""DATASET"": {""VALIDATION_SPLIT"": 0.15, ""TEST_SPLIT"": 0.15, ""TRAIN_SPLIT"": 0.7}, ""RANDOM_SEED"": 38, ""SHOW_INFO"": true, ""EDGE_STRATEGY"": ""QB-CLOSEST-"", ""FORCE_REBUILD"": true, ""N"": 2, ""DOWN_SAMPLE"": true, ""QB_LINK"": true}"
39,COMPLETE,0.7882454624027658,2026-07-05 16:32:05.091918,1393.214366,256,1,False,True,"{""FILES"": {""WEEKS_TO_READ"": [1, 2, 3, 4, 5, 6, 7, 8, 9], ""INPUT_PATH"": ""data/raw"", ""RESULTS_PATH"": ""output/results"", ""GRAPHS_PATH"": ""data/graphs""}, ""GCN"": {""EPOCHS"": 250, ""HIDDEN_CHANNELS"": 256, ""HIDDEN_LAYERS"": 1, ""LEARNING_RATE"": 0.001, ""DROPOUT"": 0.2, ""WEIGHT_DECAY"": 0.0005, ""OPTIMIZER"": ""adamw"", ""WARMUP_EPOCHS"": 20, ""EARLY_STOP_PATIENCE"": 50, ""MIN_DELTA"": 0.001}, ""RF"": {""N_ESTIMATORS"": 200}, ""MLP"": {""HIDDEN_CHANNELS"": 64, ""HIDDEN_LAYERS"": 2, ""MAX_ITER"": 3000, ""LEARNING_RATE"": 0.01, ""ALPHA"": 0.0005}, ""DATASET"": {""VALIDATION_SPLIT"": 0.15, ""TEST_SPLIT"": 0.15, ""TRAIN_SPLIT"": 0.7}, ""RANDOM_SEED"": 39, ""SHOW_INFO"": true, ""EDGE_STRATEGY"": ""QB-CLOSEST-"", ""FORCE_REBUILD"": true, ""N"": 2, ""DOWN_SAMPLE"": false, ""QB_LINK"": true}"
40,COMPLETE,0.7912705272255834,2026-07-05 16:39:43.337774,1898.856514,256,1,False,True,"{""FILES"": {""WEEKS_TO_READ"": [1, 2, 3, 4, 5, 6, 7, 8, 9], ""INPUT_PATH"": ""data/raw"", ""RESULTS_PATH"": ""output/results"", ""GRAPHS_PATH"": ""data/graphs""}, ""GCN"": {""EPOCHS"": 250, ""HIDDEN_CHANNELS"": 256, ""HIDDEN_LAYERS"": 1, ""LEARNING_RATE"": 0.001, ""DROPOUT"": 0.2, ""WEIGHT_DECAY"": 0.0005, ""OPTIMIZER"": ""adamw"", ""WARMUP_EPOCHS"": 20, ""EARLY_STOP_PATIENCE"": 50, ""MIN_DELTA"": 0.001}, ""RF"": {""N_ESTIMATORS"": 200}, ""MLP"": {""HIDDEN_CHANNELS"": 64, ""HIDDEN_LAYERS"": 2, ""MAX_ITER"": 3000, ""LEARNING_RATE"": 0.01, ""ALPHA"": 0.0005}, ""DATASET"": {""VALIDATION_SPLIT"": 0.15, ""TEST_SPLIT"": 0.15, ""TRAIN_SPLIT"": 0.7}, ""RANDOM_SEED"": 40, ""SHOW_INFO"": true, ""EDGE_STRATEGY"": ""QB-CLOSEST-"", ""FORCE_REBUILD"": true, ""N"": 2, ""DOWN_SAMPLE"": false, ""QB_LINK"": true}"
41,COMPLETE,0.790838375108038,2026-07-05 16:44:29.251660,1281.770341,256,1,False,True,"{""FILES"": {""WEEKS_TO_READ"": [1, 2, 3, 4, 5, 6, 7, 8, 9], ""INPUT_PATH"": ""data/raw"", ""RESULTS_PATH"": ""output/results"", ""GRAPHS_PATH"": ""data/graphs""}, ""GCN"": {""EPOCHS"": 250, ""HIDDEN_CHANNELS"": 256, ""HIDDEN_LAYERS"": 1, ""LEARNING_RATE"": 0.001, ""DROPOUT"": 0.2, ""WEIGHT_DECAY"": 0.0005, ""OPTIMIZER"": ""adamw"", ""WARMUP_EPOCHS"": 20, ""EARLY_STOP_PATIENCE"": 50, ""MIN_DELTA"": 0.001}, ""RF"": {""N_ESTIMATORS"": 200}, ""MLP"": {""HIDDEN_CHANNELS"": 64, ""HIDDEN_LAYERS"": 2, ""MAX_ITER"": 3000, ""LEARNING_RATE"": 0.01, ""ALPHA"": 0.0005}, ""DATASET"": {""VALIDATION_SPLIT"": 0.15, ""TEST_SPLIT"": 0.15, ""TRAIN_SPLIT"": 0.7}, ""RANDOM_SEED"": 41, ""SHOW_INFO"": true, ""EDGE_STRATEGY"": ""QB-CLOSEST-"", ""FORCE_REBUILD"": true, ""N"": 2, ""DOWN_SAMPLE"": false, ""QB_LINK"": true}"
42,COMPLETE,0.7821953327571305,2026-07-05 16:55:18.318947,1671.5247,128,1,False,True,"{""FILES"": {""WEEKS_TO_READ"": [1, 2, 3, 4, 5, 6, 7, 8, 9], ""INPUT_PATH"": ""data/raw"", ""RESULTS_PATH"": ""output/results"", ""GRAPHS_PATH"": ""data/graphs""}, ""GCN"": {""EPOCHS"": 250, ""HIDDEN_CHANNELS"": 128, ""HIDDEN_LAYERS"": 1, ""LEARNING_RATE"": 0.001, ""DROPOUT"": 0.2, ""WEIGHT_DECAY"": 0.0005, ""OPTIMIZER"": ""adamw"", ""WARMUP_EPOCHS"": 20, ""EARLY_STOP_PATIENCE"": 50, ""MIN_DELTA"": 0.001}, ""RF"": {""N_ESTIMATORS"": 200}, ""MLP"": {""HIDDEN_CHANNELS"": 64, ""HIDDEN_LAYERS"": 2, ""MAX_ITER"": 3000, ""LEARNING_RATE"": 0.01, ""ALPHA"": 0.0005}, ""DATASET"": {""VALIDATION_SPLIT"": 0.15, ""TEST_SPLIT"": 0.15, ""TRAIN_SPLIT"": 0.7}, ""RANDOM_SEED"": 42, ""SHOW_INFO"": true, ""EDGE_STRATEGY"": ""QB-CLOSEST-"", ""FORCE_REBUILD"": true, ""N"": 2, ""DOWN_SAMPLE"": false, ""QB_LINK"": true}"
43,COMPLETE,0.756266205704408,2026-07-05 17:05:51.128004,1666.331245,128,1,False,True,"{""FILES"": {""WEEKS_TO_READ"": [1, 2, 3, 4, 5, 6, 7, 8, 9], ""INPUT_PATH"": ""data/raw"", ""RESULTS_PATH"": ""output/results"", ""GRAPHS_PATH"": ""data/graphs""}, ""GCN"": {""EPOCHS"": 250, ""HIDDEN_CHANNELS"": 128, ""HIDDEN_LAYERS"": 1, ""LEARNING_RATE"": 0.001, ""DROPOUT"": 0.2, ""WEIGHT_DECAY"": 0.0005, ""OPTIMIZER"": ""adamw"", ""WARMUP_EPOCHS"": 20, ""EARLY_STOP_PATIENCE"": 50, ""MIN_DELTA"": 0.001}, ""RF"": {""N_ESTIMATORS"": 200}, ""MLP"": {""HIDDEN_CHANNELS"": 64, ""HIDDEN_LAYERS"": 2, ""MAX_ITER"": 3000, ""LEARNING_RATE"": 0.01, ""ALPHA"": 0.0005}, ""DATASET"": {""VALIDATION_SPLIT"": 0.15, ""TEST_SPLIT"": 0.15, ""TRAIN_SPLIT"": 0.7}, ""RANDOM_SEED"": 43, ""SHOW_INFO"": true, ""EDGE_STRATEGY"": ""QB-CLOSEST-"", ""FORCE_REBUILD"": true, ""N"": 2, ""DOWN_SAMPLE"": false, ""QB_LINK"": true}"
44,COMPLETE,0.7986171132238548,2026-07-05 17:11:22.205715,1657.764092,128,1,False,True,"{""FILES"": {""WEEKS_TO_READ"": [1, 2, 3, 4, 5, 6, 7, 8, 9], ""INPUT_PATH"": ""data/raw"", ""RESULTS_PATH"": ""output/results"", ""GRAPHS_PATH"": ""data/graphs""}, ""GCN"": {""EPOCHS"": 250, ""HIDDEN_CHANNELS"": 128, ""HIDDEN_LAYERS"": 1, ""LEARNING_RATE"": 0.001, ""DROPOUT"": 0.2, ""WEIGHT_DECAY"": 0.0005, ""OPTIMIZER"": ""adamw"", ""WARMUP_EPOCHS"": 20, ""EARLY_STOP_PATIENCE"": 50, ""MIN_DELTA"": 0.001}, ""RF"": {""N_ESTIMATORS"": 200}, ""MLP"": {""HIDDEN_CHANNELS"": 64, ""HIDDEN_LAYERS"": 2, ""MAX_ITER"": 3000, ""LEARNING_RATE"": 0.01, ""ALPHA"": 0.0005}, ""DATASET"": {""VALIDATION_SPLIT"": 0.15, ""TEST_SPLIT"": 0.15, ""TRAIN_SPLIT"": 0.7}, ""RANDOM_SEED"": 44, ""SHOW_INFO"": true, ""EDGE_STRATEGY"": ""QB-CLOSEST-"", ""FORCE_REBUILD"": true, ""N"": 2, ""DOWN_SAMPLE"": false, ""QB_LINK"": true}"
45,COMPLETE,0.7800345721694036,2026-07-05 17:23:09.856516,1759.809709,128,1,False,True,"{""FILES"": {""WEEKS_TO_READ"": [1, 2, 3, 4, 5, 6, 7, 8, 9], ""INPUT_PATH"": ""data/raw"", ""RESULTS_PATH"": ""output/results"", ""GRAPHS_PATH"": ""data/graphs""}, ""GCN"": {""EPOCHS"": 250, ""HIDDEN_CHANNELS"": 128, ""HIDDEN_LAYERS"": 1, ""LEARNING_RATE"": 0.001, ""DROPOUT"": 0.2, ""WEIGHT_DECAY"": 0.0005, ""OPTIMIZER"": ""adamw"", ""WARMUP_EPOCHS"": 20, ""EARLY_STOP_PATIENCE"": 50, ""MIN_DELTA"": 0.001}, ""RF"": {""N_ESTIMATORS"": 200}, ""MLP"": {""HIDDEN_CHANNELS"": 64, ""HIDDEN_LAYERS"": 2, ""MAX_ITER"": 3000, ""LEARNING_RATE"": 0.01, ""ALPHA"": 0.0005}, ""DATASET"": {""VALIDATION_SPLIT"": 0.15, ""TEST_SPLIT"": 0.15, ""TRAIN_SPLIT"": 0.7}, ""RANDOM_SEED"": 45, ""SHOW_INFO"": true, ""EDGE_STRATEGY"": ""QB-CLOSEST-"", ""FORCE_REBUILD"": true, ""N"": 2, ""DOWN_SAMPLE"": false, ""QB_LINK"": true}"
46,COMPLETE,0.7787381158167676,2026-07-05 17:33:37.469960,1576.785065,128,1,False,True,"{""FILES"": {""WEEKS_TO_READ"": [1, 2, 3, 4, 5, 6, 7, 8, 9], ""INPUT_PATH"": ""data/raw"", ""RESULTS_PATH"": ""output/results"", ""GRAPHS_PATH"": ""data/graphs""}, ""GCN"": {""EPOCHS"": 250, ""HIDDEN_CHANNELS"": 128, ""HIDDEN_LAYERS"": 1, ""LEARNING_RATE"": 0.001, ""DROPOUT"": 0.2, ""WEIGHT_DECAY"": 0.0005, ""OPTIMIZER"": ""adamw"", ""WARMUP_EPOCHS"": 20, ""EARLY_STOP_PATIENCE"": 50, ""MIN_DELTA"": 0.001}, ""RF"": {""N_ESTIMATORS"": 200}, ""MLP"": {""HIDDEN_CHANNELS"": 64, ""HIDDEN_LAYERS"": 2, ""MAX_ITER"": 3000, ""LEARNING_RATE"": 0.01, ""ALPHA"": 0.0005}, ""DATASET"": {""VALIDATION_SPLIT"": 0.15, ""TEST_SPLIT"": 0.15, ""TRAIN_SPLIT"": 0.7}, ""RANDOM_SEED"": 46, ""SHOW_INFO"": true, ""EDGE_STRATEGY"": ""QB-CLOSEST-"", ""FORCE_REBUILD"": true, ""N"": 2, ""DOWN_SAMPLE"": false, ""QB_LINK"": true}"
47,COMPLETE,0.7860847018150389,2026-07-05 17:38:59.988309,1633.081482,128,1,False,True,"{""FILES"": {""WEEKS_TO_READ"": [1, 2, 3, 4, 5, 6, 7, 8, 9], ""INPUT_PATH"": ""data/raw"", ""RESULTS_PATH"": ""output/results"", ""GRAPHS_PATH"": ""data/graphs""}, ""GCN"": {""EPOCHS"": 250, ""HIDDEN_CHANNELS"": 128, ""HIDDEN_LAYERS"": 1, ""LEARNING_RATE"": 0.001, ""DROPOUT"": 0.2, ""WEIGHT_DECAY"": 0.0005, ""OPTIMIZER"": ""adamw"", ""WARMUP_EPOCHS"": 20, ""EARLY_STOP_PATIENCE"": 50, ""MIN_DELTA"": 0.001}, ""RF"": {""N_ESTIMATORS"": 200}, ""MLP"": {""HIDDEN_CHANNELS"": 64, ""HIDDEN_LAYERS"": 2, ""MAX_ITER"": 3000, ""LEARNING_RATE"": 0.01, ""ALPHA"": 0.0005}, ""DATASET"": {""VALIDATION_SPLIT"": 0.15, ""TEST_SPLIT"": 0.15, ""TRAIN_SPLIT"": 0.7}, ""RANDOM_SEED"": 47, ""SHOW_INFO"": true, ""EDGE_STRATEGY"": ""QB-CLOSEST-"", ""FORCE_REBUILD"": true, ""N"": 2, ""DOWN_SAMPLE"": false, ""QB_LINK"": true}"
48,COMPLETE,0.7904062229904927,2026-07-05 17:52:29.678557,1756.176751,128,1,False,True,"{""FILES"": {""WEEKS_TO_READ"": [1, 2, 3, 4, 5, 6, 7, 8, 9], ""INPUT_PATH"": ""data/raw"", ""RESULTS_PATH"": ""output/results"", ""GRAPHS_PATH"": ""data/graphs""}, ""GCN"": {""EPOCHS"": 250, ""HIDDEN_CHANNELS"": 128, ""HIDDEN_LAYERS"": 1, ""LEARNING_RATE"": 0.001, ""DROPOUT"": 0.2, ""WEIGHT_DECAY"": 0.0005, ""OPTIMIZER"": ""adamw"", ""WARMUP_EPOCHS"": 20, ""EARLY_STOP_PATIENCE"": 50, ""MIN_DELTA"": 0.001}, ""RF"": {""N_ESTIMATORS"": 200}, ""MLP"": {""HIDDEN_CHANNELS"": 64, ""HIDDEN_LAYERS"": 2, ""MAX_ITER"": 3000, ""LEARNING_RATE"": 0.01, ""ALPHA"": 0.0005}, ""DATASET"": {""VALIDATION_SPLIT"": 0.15, ""TEST_SPLIT"": 0.15, ""TRAIN_SPLIT"": 0.7}, ""RANDOM_SEED"": 48, ""SHOW_INFO"": true, ""EDGE_STRATEGY"": ""QB-CLOSEST-"", ""FORCE_REBUILD"": true, ""N"": 2, ""DOWN_SAMPLE"": false, ""QB_LINK"": true}"
49,COMPLETE,0.7929991356957649,2026-07-05 17:59:54.267386,1776.1867,128,1,False,True,"{""FILES"": {""WEEKS_TO_READ"": [1, 2, 3, 4, 5, 6, 7, 8, 9], ""INPUT_PATH"": ""data/raw"", ""RESULTS_PATH"": ""output/results"", ""GRAPHS_PATH"": ""data/graphs""}, ""GCN"": {""EPOCHS"": 250, ""HIDDEN_CHANNELS"": 128, ""HIDDEN_LAYERS"": 1, ""LEARNING_RATE"": 0.001, ""DROPOUT"": 0.2, ""WEIGHT_DECAY"": 0.0005, ""OPTIMIZER"": ""adamw"", ""WARMUP_EPOCHS"": 20, ""EARLY_STOP_PATIENCE"": 50, ""MIN_DELTA"": 0.001}, ""RF"": {""N_ESTIMATORS"": 200}, ""MLP"": {""HIDDEN_CHANNELS"": 64, ""HIDDEN_LAYERS"": 2, ""MAX_ITER"": 3000, ""LEARNING_RATE"": 0.01, ""ALPHA"": 0.0005}, ""DATASET"": {""VALIDATION_SPLIT"": 0.15, ""TEST_SPLIT"": 0.15, ""TRAIN_SPLIT"": 0.7}, ""RANDOM_SEED"": 49, ""SHOW_INFO"": true, ""EDGE_STRATEGY"": ""QB-CLOSEST-"", ""FORCE_REBUILD"": true, ""N"": 2, ""DOWN_SAMPLE"": false, ""QB_LINK"": true}"
50,COMPLETE,0.7938634399308556,2026-07-05 18:06:13.081179,1725.399572,128,1,False,True,"{""FILES"": {""WEEKS_TO_READ"": [1, 2, 3, 4, 5, 6, 7, 8, 9], ""INPUT_PATH"": ""data/raw"", ""RESULTS_PATH"": ""output/results"", ""GRAPHS_PATH"": ""data/graphs""}, ""GCN"": {""EPOCHS"": 250, ""HIDDEN_CHANNELS"": 128, ""HIDDEN_LAYERS"": 1, ""LEARNING_RATE"": 0.001, ""DROPOUT"": 0.2, ""WEIGHT_DECAY"": 0.0005, ""OPTIMIZER"": ""adamw"", ""WARMUP_EPOCHS"": 20, ""EARLY_STOP_PATIENCE"": 50, ""MIN_DELTA"": 0.001}, ""RF"": {""N_ESTIMATORS"": 200}, ""MLP"": {""HIDDEN_CHANNELS"": 64, ""HIDDEN_LAYERS"": 2, ""MAX_ITER"": 3000, ""LEARNING_RATE"": 0.01, ""ALPHA"": 0.0005}, ""DATASET"": {""VALIDATION_SPLIT"": 0.15, ""TEST_SPLIT"": 0.15, ""TRAIN_SPLIT"": 0.7}, ""RANDOM_SEED"": 50, ""SHOW_INFO"": true, ""EDGE_STRATEGY"": ""QB-CLOSEST-"", ""FORCE_REBUILD"": true, ""N"": 2, ""DOWN_SAMPLE"": false, ""QB_LINK"": true}"
51,COMPLETE,0.7778738115816768,2026-07-05 18:21:45.883662,1442.019593,128,1,False,True,"{""FILES"": {""WEEKS_TO_READ"": [1, 2, 3, 4, 5, 6, 7, 8, 9], ""INPUT_PATH"": ""data/raw"", ""RESULTS_PATH"": ""output/results"", ""GRAPHS_PATH"": ""data/graphs""}, ""GCN"": {""EPOCHS"": 250, ""HIDDEN_CHANNELS"": 128, ""HIDDEN_LAYERS"": 1, ""LEARNING_RATE"": 0.001, ""DROPOUT"": 0.2, ""WEIGHT_DECAY"": 0.0005, ""OPTIMIZER"": ""adamw"", ""WARMUP_EPOCHS"": 20, ""EARLY_STOP_PATIENCE"": 50, ""MIN_DELTA"": 0.001}, ""RF"": {""N_ESTIMATORS"": 200}, ""MLP"": {""HIDDEN_CHANNELS"": 64, ""HIDDEN_LAYERS"": 2, ""MAX_ITER"": 3000, ""LEARNING_RATE"": 0.01, ""ALPHA"": 0.0005}, ""DATASET"": {""VALIDATION_SPLIT"": 0.15, ""TEST_SPLIT"": 0.15, ""TRAIN_SPLIT"": 0.7}, ""RANDOM_SEED"": 51, ""SHOW_INFO"": true, ""EDGE_STRATEGY"": ""QB-CLOSEST-"", ""FORCE_REBUILD"": true, ""N"": 2, ""DOWN_SAMPLE"": false, ""QB_LINK"": true}"
52,COMPLETE,0.7834917891097667,2026-07-05 18:29:30.466227,1638.043067,128,1,False,True,"{""FILES"": {""WEEKS_TO_READ"": [1, 2, 3, 4, 5, 6, 7, 8, 9], ""INPUT_PATH"": ""data/raw"", ""RESULTS_PATH"": ""output/results"", ""GRAPHS_PATH"": ""data/graphs""}, ""GCN"": {""EPOCHS"": 250, ""HIDDEN_CHANNELS"": 128, ""HIDDEN_LAYERS"": 1, ""LEARNING_RATE"": 0.001, ""DROPOUT"": 0.2, ""WEIGHT_DECAY"": 0.0005, ""OPTIMIZER"": ""adamw"", ""WARMUP_EPOCHS"": 20, ""EARLY_STOP_PATIENCE"": 50, ""MIN_DELTA"": 0.001}, ""RF"": {""N_ESTIMATORS"": 200}, ""MLP"": {""HIDDEN_CHANNELS"": 64, ""HIDDEN_LAYERS"": 2, ""MAX_ITER"": 3000, ""LEARNING_RATE"": 0.01, ""ALPHA"": 0.0005}, ""DATASET"": {""VALIDATION_SPLIT"": 0.15, ""TEST_SPLIT"": 0.15, ""TRAIN_SPLIT"": 0.7}, ""RANDOM_SEED"": 52, ""SHOW_INFO"": true, ""EDGE_STRATEGY"": ""QB-CLOSEST-"", ""FORCE_REBUILD"": true, ""N"": 2, ""DOWN_SAMPLE"": false, ""QB_LINK"": true}"
53,COMPLETE,0.7826274848746759,2026-07-05 18:34:58.491798,1767.39699,128,1,False,True,"{""FILES"": {""WEEKS_TO_READ"": [1, 2, 3, 4, 5, 6, 7, 8, 9], ""INPUT_PATH"": ""data/raw"", ""RESULTS_PATH"": ""output/results"", ""GRAPHS_PATH"": ""data/graphs""}, ""GCN"": {""EPOCHS"": 250, ""HIDDEN_CHANNELS"": 128, ""HIDDEN_LAYERS"": 1, ""LEARNING_RATE"": 0.001, ""DROPOUT"": 0.2, ""WEIGHT_DECAY"": 0.0005, ""OPTIMIZER"": ""adamw"", ""WARMUP_EPOCHS"": 20, ""EARLY_STOP_PATIENCE"": 50, ""MIN_DELTA"": 0.001}, ""RF"": {""N_ESTIMATORS"": 200}, ""MLP"": {""HIDDEN_CHANNELS"": 64, ""HIDDEN_LAYERS"": 2, ""MAX_ITER"": 3000, ""LEARNING_RATE"": 0.01, ""ALPHA"": 0.0005}, ""DATASET"": {""VALIDATION_SPLIT"": 0.15, ""TEST_SPLIT"": 0.15, ""TRAIN_SPLIT"": 0.7}, ""RANDOM_SEED"": 53, ""SHOW_INFO"": true, ""EDGE_STRATEGY"": ""QB-CLOSEST-"", ""FORCE_REBUILD"": true, ""N"": 2, ""DOWN_SAMPLE"": false, ""QB_LINK"": true}"
54,COMPLETE,0.7744165946413137,2026-07-05 18:45:47.927615,1421.804357,128,1,False,True,"{""FILES"": {""WEEKS_TO_READ"": [1, 2, 3, 4, 5, 6, 7, 8, 9], ""INPUT_PATH"": ""data/raw"", ""RESULTS_PATH"": ""output/results"", ""GRAPHS_PATH"": ""data/graphs""}, ""GCN"": {""EPOCHS"": 250, ""HIDDEN_CHANNELS"": 128, ""HIDDEN_LAYERS"": 1, ""LEARNING_RATE"": 0.001, ""DROPOUT"": 0.2, ""WEIGHT_DECAY"": 0.0005, ""OPTIMIZER"": ""adamw"", ""WARMUP_EPOCHS"": 20, ""EARLY_STOP_PATIENCE"": 50, ""MIN_DELTA"": 0.001}, ""RF"": {""N_ESTIMATORS"": 200}, ""MLP"": {""HIDDEN_CHANNELS"": 64, ""HIDDEN_LAYERS"": 2, ""MAX_ITER"": 3000, ""LEARNING_RATE"": 0.01, ""ALPHA"": 0.0005}, ""DATASET"": {""VALIDATION_SPLIT"": 0.15, ""TEST_SPLIT"": 0.15, ""TRAIN_SPLIT"": 0.7}, ""RANDOM_SEED"": 54, ""SHOW_INFO"": true, ""EDGE_STRATEGY"": ""QB-CLOSEST-"", ""FORCE_REBUILD"": true, ""N"": 2, ""DOWN_SAMPLE"": false, ""QB_LINK"": true}"
55,COMPLETE,0.766637856525497,2026-07-05 18:56:48.532074,979.811141,128,1,False,True,"{""FILES"": {""WEEKS_TO_READ"": [1, 2, 3, 4, 5, 6, 7, 8, 9], ""INPUT_PATH"": ""data/raw"", ""RESULTS_PATH"": ""output/results"", ""GRAPHS_PATH"": ""data/graphs""}, ""GCN"": {""EPOCHS"": 250, ""HIDDEN_CHANNELS"": 128, ""HIDDEN_LAYERS"": 1, ""LEARNING_RATE"": 0.001, ""DROPOUT"": 0.2, ""WEIGHT_DECAY"": 0.0005, ""OPTIMIZER"": ""adamw"", ""WARMUP_EPOCHS"": 20, ""EARLY_STOP_PATIENCE"": 50, ""MIN_DELTA"": 0.001}, ""RF"": {""N_ESTIMATORS"": 200}, ""MLP"": {""HIDDEN_CHANNELS"": 64, ""HIDDEN_LAYERS"": 2, ""MAX_ITER"": 3000, ""LEARNING_RATE"": 0.01, ""ALPHA"": 0.0005}, ""DATASET"": {""VALIDATION_SPLIT"": 0.15, ""TEST_SPLIT"": 0.15, ""TRAIN_SPLIT"": 0.7}, ""RANDOM_SEED"": 55, ""SHOW_INFO"": true, ""EDGE_STRATEGY"": ""QB-CLOSEST-"", ""FORCE_REBUILD"": true, ""N"": 2, ""DOWN_SAMPLE"": false, ""QB_LINK"": true}"
