trial,estado,valor,inicio,duracao_s,param_HIDDEN_CHANNELS,param_PHI_LAYERS,param_RHO_LAYERS,param_POOLING,param_DROPOUT,param_LEARNING_RATE,param_WEIGHT_DECAY,attr_model_params,attr_stopped_epoch
0,FAIL,,2026-10-08 23:19:02.032844,659.506537,128,2,0,mean+max,0.3005575058716044,0.0026070247583707684,1.1527987128232402e-06,"{""HIDDEN_CHANNELS"": 128, ""PHI_LAYERS"": 2, ""RHO_LAYERS"": 0, ""POOLING"": ""mean+max"", ""DROPOUT"": 0.3005575058716044, ""LEARNING_RATE"": 0.0026070247583707684, ""WEIGHT_DECAY"": 1.1527987128232402e-06, ""OPTIMIZER"": ""adamw"", ""WARMUP_EPOCHS"": 20, ""EPOCHS"": 500, ""EARLY_STOP_PATIENCE"": 100, ""MIN_DELTA"": 0.001}",
1,COMPLETE,0.7885762706780449,2026-10-08 23:39:54.435369,295.107876,128,2,0,mean+max,0.3005575058716044,0.0026070247583707684,1.1527987128232402e-06,"{""HIDDEN_CHANNELS"": 128, ""PHI_LAYERS"": 2, ""RHO_LAYERS"": 0, ""POOLING"": ""mean+max"", ""DROPOUT"": 0.3005575058716044, ""LEARNING_RATE"": 0.0026070247583707684, ""WEIGHT_DECAY"": 1.1527987128232402e-06, ""OPTIMIZER"": ""adamw"", ""WARMUP_EPOCHS"": 20, ""EPOCHS"": 500, ""EARLY_STOP_PATIENCE"": 100, ""MIN_DELTA"": 0.001}",192.0
2,COMPLETE,0.7861769059955588,2026-10-08 23:44:49.553916,528.906126,64,1,0,max,0.14561457009902096,0.0016738085788752138,2.62108787826544e-06,"{""HIDDEN_CHANNELS"": 64, ""PHI_LAYERS"": 1, ""RHO_LAYERS"": 0, ""POOLING"": ""max"", ""DROPOUT"": 0.14561457009902096, ""LEARNING_RATE"": 0.0016738085788752138, ""WEIGHT_DECAY"": 2.62108787826544e-06, ""OPTIMIZER"": ""adamw"", ""WARMUP_EPOCHS"": 20, ""EPOCHS"": 500, ""EARLY_STOP_PATIENCE"": 100, ""MIN_DELTA"": 0.001}",378.0
3,COMPLETE,0.7684969250199178,2026-10-08 23:53:38.485357,256.524681,256,3,0,max,0.3037724259507192,0.00021930485556643703,1.5673095467235414e-06,"{""HIDDEN_CHANNELS"": 256, ""PHI_LAYERS"": 3, ""RHO_LAYERS"": 0, ""POOLING"": ""max"", ""DROPOUT"": 0.3037724259507192, ""LEARNING_RATE"": 0.00021930485556643703, ""WEIGHT_DECAY"": 1.5673095467235414e-06, ""OPTIMIZER"": ""adamw"", ""WARMUP_EPOCHS"": 20, ""EPOCHS"": 500, ""EARLY_STOP_PATIENCE"": 100, ""MIN_DELTA"": 0.001}",128.0
4,COMPLETE,0.8125128769029364,2026-10-08 23:57:55.017501,780.678173,128,1,0,mean,0.2475884550556351,0.00011715937392307068,0.0005345166110646819,"{""HIDDEN_CHANNELS"": 128, ""PHI_LAYERS"": 1, ""RHO_LAYERS"": 0, ""POOLING"": ""mean"", ""DROPOUT"": 0.2475884550556351, ""LEARNING_RATE"": 0.00011715937392307068, ""WEIGHT_DECAY"": 0.0005345166110646819, ""OPTIMIZER"": ""adamw"", ""WARMUP_EPOCHS"": 20, ""EPOCHS"": 500, ""EARLY_STOP_PATIENCE"": 100, ""MIN_DELTA"": 0.001}",427.0
5,COMPLETE,0.3765848394928514,2026-10-09 00:10:55.704417,224.167027,128,2,1,max,0.46974947078209456,0.006161049539380964,6.218704727769077e-05,"{""HIDDEN_CHANNELS"": 128, ""PHI_LAYERS"": 2, ""RHO_LAYERS"": 1, ""POOLING"": ""max"", ""DROPOUT"": 0.46974947078209456, ""LEARNING_RATE"": 0.006161049539380964, ""WEIGHT_DECAY"": 6.218704727769077e-05, ""OPTIMIZER"": ""adamw"", ""WARMUP_EPOCHS"": 20, ""EPOCHS"": 500, ""EARLY_STOP_PATIENCE"": 100, ""MIN_DELTA"": 0.001}",106.0
6,COMPLETE,0.8110401549697148,2026-10-09 00:14:39.879772,531.651099,64,1,0,mean+max,0.17837666334679464,0.0003646439558980723,4.247058562261871e-05,"{""HIDDEN_CHANNELS"": 64, ""PHI_LAYERS"": 1, ""RHO_LAYERS"": 0, ""POOLING"": ""mean+max"", ""DROPOUT"": 0.17837666334679464, ""LEARNING_RATE"": 0.0003646439558980723, ""WEIGHT_DECAY"": 4.247058562261871e-05, ""OPTIMIZER"": ""adamw"", ""WARMUP_EPOCHS"": 20, ""EPOCHS"": 500, ""EARLY_STOP_PATIENCE"": 100, ""MIN_DELTA"": 0.001}",262.0
7,COMPLETE,0.3765848394928514,2026-10-09 00:23:31.537498,252.275919,128,3,2,mean+max,0.35342867192380856,0.0028708753481954683,0.00020597335357437193,"{""HIDDEN_CHANNELS"": 128, ""PHI_LAYERS"": 3, ""RHO_LAYERS"": 2, ""POOLING"": ""mean+max"", ""DROPOUT"": 0.35342867192380856, ""LEARNING_RATE"": 0.0028708753481954683, ""WEIGHT_DECAY"": 0.00020597335357437193, ""OPTIMIZER"": ""adamw"", ""WARMUP_EPOCHS"": 20, ""EPOCHS"": 500, ""EARLY_STOP_PATIENCE"": 100, ""MIN_DELTA"": 0.001}",102.0
8,COMPLETE,0.839532848192784,2026-10-09 00:27:43.820399,409.737012,128,3,1,mean,0.16259166101337352,0.002878805718308925,8.178476574339548e-05,"{""HIDDEN_CHANNELS"": 128, ""PHI_LAYERS"": 3, ""RHO_LAYERS"": 1, ""POOLING"": ""mean"", ""DROPOUT"": 0.16259166101337352, ""LEARNING_RATE"": 0.002878805718308925, ""WEIGHT_DECAY"": 8.178476574339548e-05, ""OPTIMIZER"": ""adamw"", ""WARMUP_EPOCHS"": 20, ""EPOCHS"": 500, ""EARLY_STOP_PATIENCE"": 100, ""MIN_DELTA"": 0.001}",213.0
9,COMPLETE,0.7754212224790548,2026-10-09 00:34:33.565653,334.861958,64,3,2,max,0.26136641469099703,0.0007162786999897341,1.1919481947918734e-06,"{""HIDDEN_CHANNELS"": 64, ""PHI_LAYERS"": 3, ""RHO_LAYERS"": 2, ""POOLING"": ""max"", ""DROPOUT"": 0.26136641469099703, ""LEARNING_RATE"": 0.0007162786999897341, ""WEIGHT_DECAY"": 1.1919481947918734e-06, ""OPTIMIZER"": ""adamw"", ""WARMUP_EPOCHS"": 20, ""EPOCHS"": 500, ""EARLY_STOP_PATIENCE"": 100, ""MIN_DELTA"": 0.001}",191.0
10,COMPLETE,0.7981315860112259,2026-10-09 00:40:08.434948,302.722084,256,1,1,mean,0.37777556927152434,0.00028681134821030097,1.7019223026554036e-06,"{""HIDDEN_CHANNELS"": 256, ""PHI_LAYERS"": 1, ""RHO_LAYERS"": 1, ""POOLING"": ""mean"", ""DROPOUT"": 0.37777556927152434, ""LEARNING_RATE"": 0.00028681134821030097, ""WEIGHT_DECAY"": 1.7019223026554036e-06, ""OPTIMIZER"": ""adamw"", ""WARMUP_EPOCHS"": 20, ""EPOCHS"": 500, ""EARLY_STOP_PATIENCE"": 100, ""MIN_DELTA"": 0.001}",194.0
11,COMPLETE,0.8432288319606385,2026-10-09 00:45:11.163476,460.836725,128,3,1,mean,0.012825940100735178,0.006536264082965742,9.285500464218935e-06,"{""HIDDEN_CHANNELS"": 128, ""PHI_LAYERS"": 3, ""RHO_LAYERS"": 1, ""POOLING"": ""mean"", ""DROPOUT"": 0.012825940100735178, ""LEARNING_RATE"": 0.006536264082965742, ""WEIGHT_DECAY"": 9.285500464218935e-06, ""OPTIMIZER"": ""adamw"", ""WARMUP_EPOCHS"": 20, ""EPOCHS"": 500, ""EARLY_STOP_PATIENCE"": 100, ""MIN_DELTA"": 0.001}",276.0
12,COMPLETE,0.8302916622785921,2026-10-09 00:52:52.009395,384.897912,128,3,1,mean,0.005778212114449214,0.00857249610238642,8.867040938991143e-06,"{""HIDDEN_CHANNELS"": 128, ""PHI_LAYERS"": 3, ""RHO_LAYERS"": 1, ""POOLING"": ""mean"", ""DROPOUT"": 0.005778212114449214, ""LEARNING_RATE"": 0.00857249610238642, ""WEIGHT_DECAY"": 8.867040938991143e-06, ""OPTIMIZER"": ""adamw"", ""WARMUP_EPOCHS"": 20, ""EPOCHS"": 500, ""EARLY_STOP_PATIENCE"": 100, ""MIN_DELTA"": 0.001}",231.0
13,COMPLETE,0.8345199776132954,2026-10-09 00:59:16.916369,323.20317,128,2,1,mean,0.005326911859165495,0.0044794002569142986,1.1825648822105557e-05,"{""HIDDEN_CHANNELS"": 128, ""PHI_LAYERS"": 2, ""RHO_LAYERS"": 1, ""POOLING"": ""mean"", ""DROPOUT"": 0.005326911859165495, ""LEARNING_RATE"": 0.0044794002569142986, ""WEIGHT_DECAY"": 1.1825648822105557e-05, ""OPTIMIZER"": ""adamw"", ""WARMUP_EPOCHS"": 20, ""EPOCHS"": 500, ""EARLY_STOP_PATIENCE"": 100, ""MIN_DELTA"": 0.001}",203.0
14,COMPLETE,0.828260390783445,2026-10-09 01:04:40.126077,259.390712,128,3,2,mean,0.09244393612787531,0.0011356308894786716,0.000136751911840682,"{""HIDDEN_CHANNELS"": 128, ""PHI_LAYERS"": 3, ""RHO_LAYERS"": 2, ""POOLING"": ""mean"", ""DROPOUT"": 0.09244393612787531, ""LEARNING_RATE"": 0.0011356308894786716, ""WEIGHT_DECAY"": 0.000136751911840682, ""OPTIMIZER"": ""adamw"", ""WARMUP_EPOCHS"": 20, ""EPOCHS"": 500, ""EARLY_STOP_PATIENCE"": 100, ""MIN_DELTA"": 0.001}",149.0
15,COMPLETE,0.8173136550623197,2026-10-09 01:08:59.524188,310.085556,128,2,1,mean,0.08055317502013673,0.009745794588046829,1.4118978389527369e-05,"{""HIDDEN_CHANNELS"": 128, ""PHI_LAYERS"": 2, ""RHO_LAYERS"": 1, ""POOLING"": ""mean"", ""DROPOUT"": 0.08055317502013673, ""LEARNING_RATE"": 0.009745794588046829, ""WEIGHT_DECAY"": 1.4118978389527369e-05, ""OPTIMIZER"": ""adamw"", ""WARMUP_EPOCHS"": 20, ""EPOCHS"": 500, ""EARLY_STOP_PATIENCE"": 100, ""MIN_DELTA"": 0.001}",195.0
16,COMPLETE,0.8411079304157036,2026-10-09 01:14:09.616642,594.72389,256,3,1,mean,0.18037101060539584,0.003641984019882253,5.412527986758228e-06,"{""HIDDEN_CHANNELS"": 256, ""PHI_LAYERS"": 3, ""RHO_LAYERS"": 1, ""POOLING"": ""mean"", ""DROPOUT"": 0.18037101060539584, ""LEARNING_RATE"": 0.003641984019882253, ""WEIGHT_DECAY"": 5.412527986758228e-06, ""OPTIMIZER"": ""adamw"", ""WARMUP_EPOCHS"": 20, ""EPOCHS"": 500, ""EARLY_STOP_PATIENCE"": 100, ""MIN_DELTA"": 0.001}",360.0
17,COMPLETE,0.8353888821532494,2026-10-09 01:24:04.348968,393.354126,256,2,1,mean,0.06005444756261778,0.003884102911126366,4.554404050936118e-06,"{""HIDDEN_CHANNELS"": 256, ""PHI_LAYERS"": 2, ""RHO_LAYERS"": 1, ""POOLING"": ""mean"", ""DROPOUT"": 0.06005444756261778, ""LEARNING_RATE"": 0.003884102911126366, ""WEIGHT_DECAY"": 4.554404050936118e-06, ""OPTIMIZER"": ""adamw"", ""WARMUP_EPOCHS"": 20, ""EPOCHS"": 500, ""EARLY_STOP_PATIENCE"": 100, ""MIN_DELTA"": 0.001}",246.0
18,COMPLETE,0.8314645902981446,2026-10-09 01:30:37.710668,286.099536,256,3,2,mean,0.22219559939586966,0.0015694864729837751,1.826411211028926e-05,"{""HIDDEN_CHANNELS"": 256, ""PHI_LAYERS"": 3, ""RHO_LAYERS"": 2, ""POOLING"": ""mean"", ""DROPOUT"": 0.22219559939586966, ""LEARNING_RATE"": 0.0015694864729837751, ""WEIGHT_DECAY"": 1.826411211028926e-05, ""OPTIMIZER"": ""adamw"", ""WARMUP_EPOCHS"": 20, ""EPOCHS"": 500, ""EARLY_STOP_PATIENCE"": 100, ""MIN_DELTA"": 0.001}",163.0
19,COMPLETE,0.8373166870876172,2026-10-09 01:35:23.817581,722.257145,256,3,2,mean,0.12359508526447516,0.00596443082084938,4.88818244103948e-06,"{""HIDDEN_CHANNELS"": 256, ""PHI_LAYERS"": 3, ""RHO_LAYERS"": 2, ""POOLING"": ""mean"", ""DROPOUT"": 0.12359508526447516, ""LEARNING_RATE"": 0.00596443082084938, ""WEIGHT_DECAY"": 4.88818244103948e-06, ""OPTIMIZER"": ""adamw"", ""WARMUP_EPOCHS"": 20, ""EPOCHS"": 500, ""EARLY_STOP_PATIENCE"": 100, ""MIN_DELTA"": 0.001}",415.0
20,COMPLETE,0.802889784749486,2026-10-09 01:47:26.082143,283.063721,256,3,1,mean+max,0.04602376571129704,0.0007450744435901382,2.5897949588399405e-05,"{""HIDDEN_CHANNELS"": 256, ""PHI_LAYERS"": 3, ""RHO_LAYERS"": 1, ""POOLING"": ""mean+max"", ""DROPOUT"": 0.04602376571129704, ""LEARNING_RATE"": 0.0007450744435901382, ""WEIGHT_DECAY"": 2.5897949588399405e-05, ""OPTIMIZER"": ""adamw"", ""WARMUP_EPOCHS"": 20, ""EPOCHS"": 500, ""EARLY_STOP_PATIENCE"": 100, ""MIN_DELTA"": 0.001}",151.0
21,COMPLETE,0.8372418121268737,2026-10-09 01:52:09.153788,275.285396,256,2,1,mean,0.2003666813898457,0.0018238262541982102,5.4231498125458895e-06,"{""HIDDEN_CHANNELS"": 256, ""PHI_LAYERS"": 2, ""RHO_LAYERS"": 1, ""POOLING"": ""mean"", ""DROPOUT"": 0.2003666813898457, ""LEARNING_RATE"": 0.0018238262541982102, ""WEIGHT_DECAY"": 5.4231498125458895e-06, ""OPTIMIZER"": ""adamw"", ""WARMUP_EPOCHS"": 20, ""EPOCHS"": 500, ""EARLY_STOP_PATIENCE"": 100, ""MIN_DELTA"": 0.001}",171.0
22,COMPLETE,0.8408525168705439,2026-10-09 01:56:44.448520,634.91503,128,3,1,mean,0.14864124194898212,0.0030224717217951004,0.00010472252713984221,"{""HIDDEN_CHANNELS"": 128, ""PHI_LAYERS"": 3, ""RHO_LAYERS"": 1, ""POOLING"": ""mean"", ""DROPOUT"": 0.14864124194898212, ""LEARNING_RATE"": 0.0030224717217951004, ""WEIGHT_DECAY"": 0.00010472252713984221, ""OPTIMIZER"": ""adamw"", ""WARMUP_EPOCHS"": 20, ""EPOCHS"": 500, ""EARLY_STOP_PATIENCE"": 100, ""MIN_DELTA"": 0.001}",380.0
23,COMPLETE,0.8328076166222942,2026-10-09 02:07:19.371263,734.8764,128,3,1,mean,0.09782661221632256,0.004981299602285467,0.0002847056432699503,"{""HIDDEN_CHANNELS"": 128, ""PHI_LAYERS"": 3, ""RHO_LAYERS"": 1, ""POOLING"": ""mean"", ""DROPOUT"": 0.09782661221632256, ""LEARNING_RATE"": 0.004981299602285467, ""WEIGHT_DECAY"": 0.0002847056432699503, ""OPTIMIZER"": ""adamw"", ""WARMUP_EPOCHS"": 20, ""EPOCHS"": 500, ""EARLY_STOP_PATIENCE"": 100, ""MIN_DELTA"": 0.001}",440.0
24,COMPLETE,0.8193467939260366,2026-10-09 02:19:34.256231,321.977934,64,3,1,mean,0.1331668569831972,0.007649466915471866,0.0008788995867573632,"{""HIDDEN_CHANNELS"": 64, ""PHI_LAYERS"": 3, ""RHO_LAYERS"": 1, ""POOLING"": ""mean"", ""DROPOUT"": 0.1331668569831972, ""LEARNING_RATE"": 0.007649466915471866, ""WEIGHT_DECAY"": 0.0008788995867573632, ""OPTIMIZER"": ""adamw"", ""WARMUP_EPOCHS"": 20, ""EPOCHS"": 500, ""EARLY_STOP_PATIENCE"": 100, ""MIN_DELTA"": 0.001}",193.0
25,COMPLETE,0.8343029134699151,2026-10-09 02:24:56.241388,240.694075,128,3,1,mean,0.21338265267078926,0.003166804154158118,3.922083075695567e-05,"{""HIDDEN_CHANNELS"": 128, ""PHI_LAYERS"": 3, ""RHO_LAYERS"": 1, ""POOLING"": ""mean"", ""DROPOUT"": 0.21338265267078926, ""LEARNING_RATE"": 0.003166804154158118, ""WEIGHT_DECAY"": 3.922083075695567e-05, ""OPTIMIZER"": ""adamw"", ""WARMUP_EPOCHS"": 20, ""EPOCHS"": 500, ""EARLY_STOP_PATIENCE"": 100, ""MIN_DELTA"": 0.001}",143.0
26,COMPLETE,0.830289026525181,2026-10-09 02:28:56.942144,236.162188,256,3,1,mean,0.04521900624180125,0.001923086247172733,7.281111032861463e-06,"{""HIDDEN_CHANNELS"": 256, ""PHI_LAYERS"": 3, ""RHO_LAYERS"": 1, ""POOLING"": ""mean"", ""DROPOUT"": 0.04521900624180125, ""LEARNING_RATE"": 0.001923086247172733, ""WEIGHT_DECAY"": 7.281111032861463e-06, ""OPTIMIZER"": ""adamw"", ""WARMUP_EPOCHS"": 20, ""EPOCHS"": 500, ""EARLY_STOP_PATIENCE"": 100, ""MIN_DELTA"": 0.001}",142.0
27,COMPLETE,0.8315744207378961,2026-10-09 02:32:53.111771,307.631844,128,2,2,mean,0.18032226206400187,0.0010886133546649812,3.1119381558033767e-06,"{""HIDDEN_CHANNELS"": 128, ""PHI_LAYERS"": 2, ""RHO_LAYERS"": 2, ""POOLING"": ""mean"", ""DROPOUT"": 0.18032226206400187, ""LEARNING_RATE"": 0.0010886133546649812, ""WEIGHT_DECAY"": 3.1119381558033767e-06, ""OPTIMIZER"": ""adamw"", ""WARMUP_EPOCHS"": 20, ""EPOCHS"": 500, ""EARLY_STOP_PATIENCE"": 100, ""MIN_DELTA"": 0.001}",184.0
28,COMPLETE,0.8355612837397883,2026-10-09 02:38:00.750509,575.3219,128,3,0,mean,0.12360134313602829,0.004157748121153596,2.2081822166062967e-05,"{""HIDDEN_CHANNELS"": 128, ""PHI_LAYERS"": 3, ""RHO_LAYERS"": 0, ""POOLING"": ""mean"", ""DROPOUT"": 0.12360134313602829, ""LEARNING_RATE"": 0.004157748121153596, ""WEIGHT_DECAY"": 2.2081822166062967e-05, ""OPTIMIZER"": ""adamw"", ""WARMUP_EPOCHS"": 20, ""EPOCHS"": 500, ""EARLY_STOP_PATIENCE"": 100, ""MIN_DELTA"": 0.001}",365.0
29,COMPLETE,0.8201166431985122,2026-10-09 02:47:36.080349,779.062536,64,2,1,max,0.2830490167548361,0.002309327378302077,0.00012566643629897316,"{""HIDDEN_CHANNELS"": 64, ""PHI_LAYERS"": 2, ""RHO_LAYERS"": 1, ""POOLING"": ""max"", ""DROPOUT"": 0.2830490167548361, ""LEARNING_RATE"": 0.002309327378302077, ""WEIGHT_DECAY"": 0.00012566643629897316, ""OPTIMIZER"": ""adamw"", ""WARMUP_EPOCHS"": 20, ""EPOCHS"": 500, ""EARLY_STOP_PATIENCE"": 100, ""MIN_DELTA"": 0.001}",490.0
30,COMPLETE,0.719250435774927,2026-10-09 03:00:35.149944,183.602765,256,2,0,mean+max,0.3606272722359778,0.006249061146207783,6.377102105791387e-05,"{""HIDDEN_CHANNELS"": 256, ""PHI_LAYERS"": 2, ""RHO_LAYERS"": 0, ""POOLING"": ""mean+max"", ""DROPOUT"": 0.3606272722359778, ""LEARNING_RATE"": 0.006249061146207783, ""WEIGHT_DECAY"": 6.377102105791387e-05, ""OPTIMIZER"": ""adamw"", ""WARMUP_EPOCHS"": 20, ""EPOCHS"": 500, ""EARLY_STOP_PATIENCE"": 100, ""MIN_DELTA"": 0.001}",107.0
