trial,estado,valor,inicio,duracao_s,param_HIDDEN_CHANNELS,param_CONV_LAYERS,param_POOLING,param_POST_LAYERS,param_DROPOUT,param_LEARNING_RATE,param_WEIGHT_DECAY,attr_best_epoch,attr_model_params,attr_stopped_epoch,attr_train_time_s
0,COMPLETE,0.8456420435048297,2026-10-09 20:02:06.758550,74.239152,128,2,mean,2,0.3005575058716044,0.0026070247583707684,1.1527987128232402e-06,14.0,"{""CONV"": ""none"", ""HIDDEN_CHANNELS"": 128, ""CONV_LAYERS"": 2, ""POOLING"": ""mean"", ""POST_LAYERS"": 2, ""DROPOUT"": 0.3005575058716044, ""LEARNING_RATE"": 0.0026070247583707684, ""WEIGHT_DECAY"": 1.1527987128232402e-06, ""EDGE_WEIGHT"": ""none""}",57.0,73.24413752555847
1,COMPLETE,0.8297760024798246,2026-10-09 20:03:21.008213,86.324158,64,1,mean+max,1,0.14561457009902096,0.0016738085788752138,2.62108787826544e-06,43.0,"{""CONV"": ""none"", ""HIDDEN_CHANNELS"": 64, ""CONV_LAYERS"": 1, ""POOLING"": ""mean+max"", ""POST_LAYERS"": 1, ""DROPOUT"": 0.14561457009902096, ""LEARNING_RATE"": 0.0016738085788752138, ""WEIGHT_DECAY"": 2.62108787826544e-06, ""EDGE_WEIGHT"": ""none""}",65.0,85.79003167152405
2,FAIL,,2026-10-09 20:04:47.338991,6.415546,256,3,mean+max,0,0.3037724259507192,0.00021930485556643703,1.5673095467235414e-06,,"{""CONV"": ""none"", ""HIDDEN_CHANNELS"": 256, ""CONV_LAYERS"": 3, ""POOLING"": ""mean+max"", ""POST_LAYERS"": 0, ""DROPOUT"": 0.3037724259507192, ""LEARNING_RATE"": 0.00021930485556643703, ""WEIGHT_DECAY"": 1.5673095467235414e-06, ""EDGE_WEIGHT"": ""none""}",,
3,COMPLETE,0.8442972568164975,2026-10-09 20:05:55.767129,74.760656,128,2,mean,2,0.3005575058716044,0.0026070247583707684,1.1527987128232402e-06,14.0,"{""CONV"": ""none"", ""HIDDEN_CHANNELS"": 128, ""CONV_LAYERS"": 2, ""POOLING"": ""mean"", ""POST_LAYERS"": 2, ""DROPOUT"": 0.3005575058716044, ""LEARNING_RATE"": 0.0026070247583707684, ""WEIGHT_DECAY"": 1.1527987128232402e-06, ""EDGE_WEIGHT"": ""none""}",57.0,73.67896032333374
4,COMPLETE,0.8336786334994755,2026-10-09 20:07:10.538074,74.371479,64,1,mean+max,1,0.14561457009902096,0.0016738085788752138,2.62108787826544e-06,52.0,"{""CONV"": ""none"", ""HIDDEN_CHANNELS"": 64, ""CONV_LAYERS"": 1, ""POOLING"": ""mean+max"", ""POST_LAYERS"": 1, ""DROPOUT"": 0.14561457009902096, ""LEARNING_RATE"": 0.0016738085788752138, ""WEIGHT_DECAY"": 2.62108787826544e-06, ""EDGE_WEIGHT"": ""none""}",57.0,73.78396725654602
5,COMPLETE,0.8515982063392294,2026-10-09 20:08:24.917234,92.684669,256,3,mean+max,0,0.3037724259507192,0.00021930485556643703,1.5673095467235414e-06,39.0,"{""CONV"": ""none"", ""HIDDEN_CHANNELS"": 256, ""CONV_LAYERS"": 3, ""POOLING"": ""mean+max"", ""POST_LAYERS"": 0, ""DROPOUT"": 0.3037724259507192, ""LEARNING_RATE"": 0.00021930485556643703, ""WEIGHT_DECAY"": 1.5673095467235414e-06, ""EDGE_WEIGHT"": ""none""}",68.0,92.2720251083374
6,COMPLETE,0.8170345433804936,2026-10-09 20:09:57.609943,410.831704,128,1,max,0,0.2475884550556351,0.00011715937392307068,0.0005345166110646819,345.0,"{""CONV"": ""none"", ""HIDDEN_CHANNELS"": 128, ""CONV_LAYERS"": 1, ""POOLING"": ""max"", ""POST_LAYERS"": 0, ""DROPOUT"": 0.2475884550556351, ""LEARNING_RATE"": 0.00011715937392307068, ""WEIGHT_DECAY"": 0.0005345166110646819, ""EDGE_WEIGHT"": ""none""}",362.0,410.1979138851166
7,COMPLETE,0.8339783543397351,2026-10-09 20:16:48.448732,88.395952,128,2,mean+max,2,0.46974947078209456,0.006161049539380964,6.218704727769077e-05,34.0,"{""CONV"": ""none"", ""HIDDEN_CHANNELS"": 128, ""CONV_LAYERS"": 2, ""POOLING"": ""mean+max"", ""POST_LAYERS"": 2, ""DROPOUT"": 0.46974947078209456, ""LEARNING_RATE"": 0.006161049539380964, ""WEIGHT_DECAY"": 6.218704727769077e-05, ""EDGE_WEIGHT"": ""none""}",64.0,87.87898921966553
8,COMPLETE,0.8223608380359135,2026-10-09 20:18:16.851232,163.682403,64,1,max,2,0.17837666334679464,0.0003646439558980723,4.247058562261871e-05,81.0,"{""CONV"": ""none"", ""HIDDEN_CHANNELS"": 64, ""CONV_LAYERS"": 1, ""POOLING"": ""max"", ""POST_LAYERS"": 2, ""DROPOUT"": 0.17837666334679464, ""LEARNING_RATE"": 0.0003646439558980723, ""WEIGHT_DECAY"": 4.247058562261871e-05, ""EDGE_WEIGHT"": ""none""}",129.0,163.10028195381165
9,COMPLETE,0.8431176045545129,2026-10-09 20:21:00.540840,58.813937,128,3,mean,2,0.35342867192380856,0.0028708753481954683,0.00020597335357437193,40.0,"{""CONV"": ""none"", ""HIDDEN_CHANNELS"": 128, ""CONV_LAYERS"": 3, ""POOLING"": ""mean"", ""POST_LAYERS"": 2, ""DROPOUT"": 0.35342867192380856, ""LEARNING_RATE"": 0.0028708753481954683, ""WEIGHT_DECAY"": 0.00020597335357437193, ""EDGE_WEIGHT"": ""none""}",44.0,58.264901638031006
10,COMPLETE,0.841182051964687,2026-10-09 20:21:59.361890,49.273364,128,3,mean,0,0.16259166101337352,0.002878805718308925,8.178476574339548e-05,9.0,"{""CONV"": ""none"", ""HIDDEN_CHANNELS"": 128, ""CONV_LAYERS"": 3, ""POOLING"": ""mean"", ""POST_LAYERS"": 0, ""DROPOUT"": 0.16259166101337352, ""LEARNING_RATE"": 0.002878805718308925, ""WEIGHT_DECAY"": 8.178476574339548e-05, ""EDGE_WEIGHT"": ""none""}",39.0,48.87757396697998
11,COMPLETE,0.8471361888039403,2026-10-09 20:22:48.642087,63.760204,256,3,mean+max,0,0.03704351507350179,0.0004076572819472425,1.213210022230971e-05,23.0,"{""CONV"": ""none"", ""HIDDEN_CHANNELS"": 256, ""CONV_LAYERS"": 3, ""POOLING"": ""mean+max"", ""POST_LAYERS"": 0, ""DROPOUT"": 0.03704351507350179, ""LEARNING_RATE"": 0.0004076572819472425, ""WEIGHT_DECAY"": 1.213210022230971e-05, ""EDGE_WEIGHT"": ""none""}",46.0,63.27126502990723
12,COMPLETE,0.8415413661284115,2026-10-09 20:23:52.409452,65.934634,256,3,mean+max,0,0.008616535398242631,0.0003729998154142413,8.383145422184788e-06,20.0,"{""CONV"": ""none"", ""HIDDEN_CHANNELS"": 256, ""CONV_LAYERS"": 3, ""POOLING"": ""mean+max"", ""POST_LAYERS"": 0, ""DROPOUT"": 0.008616535398242631, ""LEARNING_RATE"": 0.0003729998154142413, ""WEIGHT_DECAY"": 8.383145422184788e-06, ""EDGE_WEIGHT"": ""none""}",48.0,65.36691927909851
13,COMPLETE,0.841258145191254,2026-10-09 20:24:58.351253,65.003986,256,3,mean+max,0,0.00794467856790855,0.00039690254213813736,1.1984337047009438e-05,18.0,"{""CONV"": ""none"", ""HIDDEN_CHANNELS"": 256, ""CONV_LAYERS"": 3, ""POOLING"": ""mean+max"", ""POST_LAYERS"": 0, ""DROPOUT"": 0.00794467856790855, ""LEARNING_RATE"": 0.00039690254213813736, ""WEIGHT_DECAY"": 1.1984337047009438e-05, ""EDGE_WEIGHT"": ""none""}",48.0,64.57852864265442
14,COMPLETE,0.8463647811707258,2026-10-09 20:26:03.362333,188.601483,256,3,mean+max,1,0.4177345772291618,0.00012540020109308702,1.1924345732417111e-05,66.0,"{""CONV"": ""none"", ""HIDDEN_CHANNELS"": 256, ""CONV_LAYERS"": 3, ""POOLING"": ""mean+max"", ""POST_LAYERS"": 1, ""DROPOUT"": 0.4177345772291618, ""LEARNING_RATE"": 0.00012540020109308702, ""WEIGHT_DECAY"": 1.1924345732417111e-05, ""EDGE_WEIGHT"": ""none""}",132.0,188.03328156471252
15,COMPLETE,0.8457285893108233,2026-10-09 20:29:11.972227,70.221745,256,3,mean+max,0,0.08180922776903309,0.0006187591626559374,5.022484530133001e-06,19.0,"{""CONV"": ""none"", ""HIDDEN_CHANNELS"": 256, ""CONV_LAYERS"": 3, ""POOLING"": ""mean+max"", ""POST_LAYERS"": 0, ""DROPOUT"": 0.08180922776903309, ""LEARNING_RATE"": 0.0006187591626559374, ""WEIGHT_DECAY"": 5.022484530133001e-06, ""EDGE_WEIGHT"": ""none""}",50.0,69.5953197479248
16,COMPLETE,0.8500156988257745,2026-10-09 20:30:22.202573,108.435215,256,2,mean+max,0,0.23571004347813274,0.00022780557693853916,2.5843098930720552e-05,77.0,"{""CONV"": ""none"", ""HIDDEN_CHANNELS"": 256, ""CONV_LAYERS"": 2, ""POOLING"": ""mean+max"", ""POST_LAYERS"": 0, ""DROPOUT"": 0.23571004347813274, ""LEARNING_RATE"": 0.00022780557693853916, ""WEIGHT_DECAY"": 2.5843098930720552e-05, ""EDGE_WEIGHT"": ""none""}",80.0,108.05538129806519
17,COMPLETE,0.8372597497033947,2026-10-09 20:32:10.645382,109.476517,256,2,max,1,0.24406713609938016,0.0001970596634182369,0.0006496560363487947,45.0,"{""CONV"": ""none"", ""HIDDEN_CHANNELS"": 256, ""CONV_LAYERS"": 2, ""POOLING"": ""max"", ""POST_LAYERS"": 1, ""DROPOUT"": 0.24406713609938016, ""LEARNING_RATE"": 0.0001970596634182369, ""WEIGHT_DECAY"": 0.0006496560363487947, ""EDGE_WEIGHT"": ""none""}",85.0,109.06866788864136
18,COMPLETE,0.8515982063392294,2026-10-09 20:34:00.128916,183.011498,256,2,mean+max,0,0.36033253940376,0.00021132304273017576,2.6912443966520068e-05,120.0,"{""CONV"": ""none"", ""HIDDEN_CHANNELS"": 256, ""CONV_LAYERS"": 2, ""POOLING"": ""mean+max"", ""POST_LAYERS"": 0, ""DROPOUT"": 0.36033253940376, ""LEARNING_RATE"": 0.00021132304273017576, ""WEIGHT_DECAY"": 2.6912443966520068e-05, ""EDGE_WEIGHT"": ""none""}",135.0,182.46682739257812
19,COMPLETE,0.8488582149737677,2026-10-09 20:37:03.147950,90.588423,256,2,mean+max,1,0.3925352144147649,0.0008094644243116237,0.00021255663110447497,30.0,"{""CONV"": ""none"", ""HIDDEN_CHANNELS"": 256, ""CONV_LAYERS"": 2, ""POOLING"": ""mean+max"", ""POST_LAYERS"": 1, ""DROPOUT"": 0.3925352144147649, ""LEARNING_RATE"": 0.0008094644243116237, ""WEIGHT_DECAY"": 0.00021255663110447497, ""EDGE_WEIGHT"": ""none""}",67.0,90.00078296661377
20,COMPLETE,0.841412234539977,2026-10-09 20:38:33.744112,140.189053,256,2,max,0,0.326885566975876,0.00017651693023817562,2.5171599433396447e-05,78.0,"{""CONV"": ""none"", ""HIDDEN_CHANNELS"": 256, ""CONV_LAYERS"": 2, ""POOLING"": ""max"", ""POST_LAYERS"": 0, ""DROPOUT"": 0.326885566975876, ""LEARNING_RATE"": 0.00017651693023817562, ""WEIGHT_DECAY"": 2.5171599433396447e-05, ""EDGE_WEIGHT"": ""none""}",117.0,139.60102105140686
