trial,estado,valor,inicio,duracao_s,param_HIDDEN_CHANNELS,param_CONV_LAYERS,param_POOLING,param_POST_LAYERS,param_DROPOUT,param_LEARNING_RATE,param_WEIGHT_DECAY,param_EDGE_WEIGHT,attr_best_epoch,attr_model_params,attr_stopped_epoch,attr_train_time_s
0,COMPLETE,0.8442130679380799,2026-10-09 21:55:02.573405,68.466768,128,2,mean,2,0.3005575058716044,0.0026070247583707684,1.1527987128232402e-06,none,41,"{""CONV"": ""sage"", ""HIDDEN_CHANNELS"": 128, ""CONV_LAYERS"": 2, ""POOLING"": ""mean"", ""POST_LAYERS"": 2, ""DROPOUT"": 0.3005575058716044, ""LEARNING_RATE"": 0.0026070247583707684, ""WEIGHT_DECAY"": 1.1527987128232402e-06, ""EDGE_WEIGHT"": ""none""}",51,67.52262783050537
1,COMPLETE,0.8336645558347743,2026-10-09 21:56:11.049224,124.344541,64,1,mean,1,0.06974693032602092,0.0003839629299804173,1.2562773503807034e-05,inverse,113,"{""CONV"": ""sage"", ""HIDDEN_CHANNELS"": 64, ""CONV_LAYERS"": 1, ""POOLING"": ""mean"", ""POST_LAYERS"": 1, ""DROPOUT"": 0.06974693032602092, ""LEARNING_RATE"": 0.0003839629299804173, ""WEIGHT_DECAY"": 1.2562773503807034e-05, ""EDGE_WEIGHT"": ""inverse""}",113,123.79689502716064
2,COMPLETE,0.831502885737091,2026-10-09 21:58:15.400501,88.216311,256,1,mean,2,0.4828160165372797,0.004138040112561018,8.200518402245835e-06,inverse,77,"{""CONV"": ""sage"", ""HIDDEN_CHANNELS"": 256, ""CONV_LAYERS"": 1, ""POOLING"": ""mean"", ""POST_LAYERS"": 2, ""DROPOUT"": 0.4828160165372797, ""LEARNING_RATE"": 0.004138040112561018, ""WEIGHT_DECAY"": 8.200518402245835e-06, ""EDGE_WEIGHT"": ""inverse""}",78,87.83235144615173
3,COMPLETE,0.8345199776132954,2026-10-09 21:59:43.623976,116.927395,256,1,mean,0,0.2600340105889054,0.0012399967836846098,3.5856126103453987e-06,none,87,"{""CONV"": ""sage"", ""HIDDEN_CHANNELS"": 256, ""CONV_LAYERS"": 1, ""POOLING"": ""mean"", ""POST_LAYERS"": 0, ""DROPOUT"": 0.2600340105889054, ""LEARNING_RATE"": 0.0012399967836846098, ""WEIGHT_DECAY"": 3.5856126103453987e-06, ""EDGE_WEIGHT"": ""none""}",110,116.50688028335571
4,COMPLETE,0.8415096113391147,2026-10-09 22:01:40.560769,118.182831,64,3,max,0,0.194338644844741,0.00034889766548903674,0.0003063462210622083,none,54,"{""CONV"": ""sage"", ""HIDDEN_CHANNELS"": 64, ""CONV_LAYERS"": 3, ""POOLING"": ""max"", ""POST_LAYERS"": 0, ""DROPOUT"": 0.194338644844741, ""LEARNING_RATE"": 0.00034889766548903674, ""WEIGHT_DECAY"": 0.0003063462210622083, ""EDGE_WEIGHT"": ""none""}",82,117.45017266273499
5,COMPLETE,0.8317763382725017,2026-10-09 22:03:38.750548,126.076006,256,1,mean,0,0.4077307142274171,0.002592475660475161,0.00015382308040278996,none,69,"{""CONV"": ""sage"", ""HIDDEN_CHANNELS"": 256, ""CONV_LAYERS"": 1, ""POOLING"": ""mean"", ""POST_LAYERS"": 0, ""DROPOUT"": 0.4077307142274171, ""LEARNING_RATE"": 0.002592475660475161, ""WEIGHT_DECAY"": 0.00015382308040278996, ""EDGE_WEIGHT"": ""none""}",115,125.5410487651825
6,COMPLETE,0.8425397839693893,2026-10-09 22:05:44.834576,66.225942,256,2,mean,0,0.36480308916903204,0.0018841476921545091,0.0004588156549160974,none,19,"{""CONV"": ""sage"", ""HIDDEN_CHANNELS"": 256, ""CONV_LAYERS"": 2, ""POOLING"": ""mean"", ""POST_LAYERS"": 0, ""DROPOUT"": 0.36480308916903204, ""LEARNING_RATE"": 0.0018841476921545091, ""WEIGHT_DECAY"": 0.0004588156549160974, ""EDGE_WEIGHT"": ""none""}",49,65.75418210029602
7,COMPLETE,0.8465762178598217,2026-10-09 22:06:51.067183,123.69382,128,3,max,0,0.053945713496652226,0.0001155735281626988,8.11392957263784e-05,inverse,75,"{""CONV"": ""sage"", ""HIDDEN_CHANNELS"": 128, ""CONV_LAYERS"": 3, ""POOLING"": ""max"", ""POST_LAYERS"": 0, ""DROPOUT"": 0.053945713496652226, ""LEARNING_RATE"": 0.0001155735281626988, ""WEIGHT_DECAY"": 8.11392957263784e-05, ""EDGE_WEIGHT"": ""inverse""}",80,123.05241203308105
8,COMPLETE,0.8363643423601212,2026-10-09 22:08:54.769672,73.36571,64,3,mean+max,0,0.46484882617128653,0.004132765459466363,7.947147424653752e-05,none,37,"{""CONV"": ""sage"", ""HIDDEN_CHANNELS"": 64, ""CONV_LAYERS"": 3, ""POOLING"": ""mean+max"", ""POST_LAYERS"": 0, ""DROPOUT"": 0.46484882617128653, ""LEARNING_RATE"": 0.004132765459466363, ""WEIGHT_DECAY"": 7.947147424653752e-05, ""EDGE_WEIGHT"": ""none""}",48,72.82599258422852
9,COMPLETE,0.8449952676568567,2026-10-09 22:10:08.142071,64.079811,128,3,mean,0,0.21355389431312816,0.00432543242796456,0.00038211294416912254,inverse,14,"{""CONV"": ""sage"", ""HIDDEN_CHANNELS"": 128, ""CONV_LAYERS"": 3, ""POOLING"": ""mean"", ""POST_LAYERS"": 0, ""DROPOUT"": 0.21355389431312816, ""LEARNING_RATE"": 0.00432543242796456, ""WEIGHT_DECAY"": 0.00038211294416912254, ""EDGE_WEIGHT"": ""inverse""}",41,63.57042455673218
10,COMPLETE,0.8397360178586268,2026-10-09 22:11:12.228795,89.102461,128,3,max,1,0.007372131666928308,0.00011952270129143879,4.383323192443001e-05,inverse,34,"{""CONV"": ""sage"", ""HIDDEN_CHANNELS"": 128, ""CONV_LAYERS"": 3, ""POOLING"": ""max"", ""POST_LAYERS"": 1, ""DROPOUT"": 0.007372131666928308, ""LEARNING_RATE"": 0.00011952270129143879, ""WEIGHT_DECAY"": 4.383323192443001e-05, ""EDGE_WEIGHT"": ""inverse""}",58,88.66225790977478
11,COMPLETE,0.8401662420825129,2026-10-09 22:12:41.338477,64.410071,128,3,max,1,0.14431684066685668,0.007597547072932436,0.000895708009115036,inverse,31,"{""CONV"": ""sage"", ""HIDDEN_CHANNELS"": 128, ""CONV_LAYERS"": 3, ""POOLING"": ""max"", ""POST_LAYERS"": 1, ""DROPOUT"": 0.14431684066685668, ""LEARNING_RATE"": 0.007597547072932436, ""WEIGHT_DECAY"": 0.000895708009115036, ""EDGE_WEIGHT"": ""inverse""}",42,63.8654682636261
12,COMPLETE,0.8476773382092715,2026-10-09 22:13:45.756941,87.181668,128,2,mean+max,0,0.11481872121458549,0.0004913460742665332,0.00012804809335872775,inverse,34,"{""CONV"": ""sage"", ""HIDDEN_CHANNELS"": 128, ""CONV_LAYERS"": 2, ""POOLING"": ""mean+max"", ""POST_LAYERS"": 0, ""DROPOUT"": 0.11481872121458549, ""LEARNING_RATE"": 0.0004913460742665332, ""WEIGHT_DECAY"": 0.00012804809335872775, ""EDGE_WEIGHT"": ""inverse""}",64,86.5749363899231
13,COMPLETE,0.8398087936611589,2026-10-09 22:15:12.946783,131.084449,128,2,mean+max,1,0.10593902760715629,0.00010097481973308455,8.373256312069792e-05,inverse,61,"{""CONV"": ""sage"", ""HIDDEN_CHANNELS"": 128, ""CONV_LAYERS"": 2, ""POOLING"": ""mean+max"", ""POST_LAYERS"": 1, ""DROPOUT"": 0.10593902760715629, ""LEARNING_RATE"": 0.00010097481973308455, ""WEIGHT_DECAY"": 8.373256312069792e-05, ""EDGE_WEIGHT"": ""inverse""}",91,130.64691352844238
14,COMPLETE,0.8341798607389902,2026-10-09 22:17:24.039283,64.270663,128,2,mean+max,1,0.006570157858904191,0.00038419996050185784,2.4341328374260535e-05,inverse,21,"{""CONV"": ""sage"", ""HIDDEN_CHANNELS"": 128, ""CONV_LAYERS"": 2, ""POOLING"": ""mean+max"", ""POST_LAYERS"": 1, ""DROPOUT"": 0.006570157858904191, ""LEARNING_RATE"": 0.00038419996050185784, ""WEIGHT_DECAY"": 2.4341328374260535e-05, ""EDGE_WEIGHT"": ""inverse""}",44,63.65699553489685
15,COMPLETE,0.8436664526090405,2026-10-09 22:18:28.316743,89.935848,128,2,mean+max,0,0.0619129991247484,0.00024794056708018667,0.0001388951296695682,inverse,39,"{""CONV"": ""sage"", ""HIDDEN_CHANNELS"": 128, ""CONV_LAYERS"": 2, ""POOLING"": ""mean+max"", ""POST_LAYERS"": 0, ""DROPOUT"": 0.0619129991247484, ""LEARNING_RATE"": 0.00024794056708018667, ""WEIGHT_DECAY"": 0.0001388951296695682, ""EDGE_WEIGHT"": ""inverse""}",64,89.23380541801453
16,COMPLETE,0.8527186260375597,2026-10-09 22:19:58.262051,78.383486,128,2,max,0,0.15078541480780544,0.0007594691128201427,3.7932913261380056e-05,inverse,25,"{""CONV"": ""sage"", ""HIDDEN_CHANNELS"": 128, ""CONV_LAYERS"": 2, ""POOLING"": ""max"", ""POST_LAYERS"": 0, ""DROPOUT"": 0.15078541480780544, ""LEARNING_RATE"": 0.0007594691128201427, ""WEIGHT_DECAY"": 3.7932913261380056e-05, ""EDGE_WEIGHT"": ""inverse""}",57,77.83811926841736
17,COMPLETE,0.846446211836163,2026-10-09 22:21:16.655783,73.188846,128,2,max,2,0.15485038985835825,0.0007105973703786847,2.4850765705293514e-05,inverse,24,"{""CONV"": ""sage"", ""HIDDEN_CHANNELS"": 128, ""CONV_LAYERS"": 2, ""POOLING"": ""max"", ""POST_LAYERS"": 2, ""DROPOUT"": 0.15485038985835825, ""LEARNING_RATE"": 0.0007105973703786847, ""WEIGHT_DECAY"": 2.4850765705293514e-05, ""EDGE_WEIGHT"": ""inverse""}",51,72.80407977104187
18,COMPLETE,0.848587505299264,2026-10-09 22:22:29.850905,91.459015,128,2,mean+max,0,0.3034578706961713,0.000734756929540661,9.874928393918399e-06,inverse,48,"{""CONV"": ""sage"", ""HIDDEN_CHANNELS"": 128, ""CONV_LAYERS"": 2, ""POOLING"": ""mean+max"", ""POST_LAYERS"": 0, ""DROPOUT"": 0.3034578706961713, ""LEARNING_RATE"": 0.000734756929540661, ""WEIGHT_DECAY"": 9.874928393918399e-06, ""EDGE_WEIGHT"": ""inverse""}",65,90.94534230232239
19,COMPLETE,0.8456760080834114,2026-10-09 22:24:01.316932,109.379306,64,2,max,1,0.3148479433136487,0.0009785866902492096,3.7301242572508732e-06,inverse,79,"{""CONV"": ""sage"", ""HIDDEN_CHANNELS"": 64, ""CONV_LAYERS"": 2, ""POOLING"": ""max"", ""POST_LAYERS"": 1, ""DROPOUT"": 0.3148479433136487, ""LEARNING_RATE"": 0.0009785866902492096, ""WEIGHT_DECAY"": 3.7301242572508732e-06, ""EDGE_WEIGHT"": ""inverse""}",81,108.83849382400513
