trial,estado,valor,inicio,duracao_s,param_n_estimators,param_max_depth,param_min_samples_leaf,param_max_features,attr_model_params
0,COMPLETE,0.6936593549701169,2026-10-08 13:55:26.898247,7.416404,200,,1,sqrt,"{""n_estimators"": 200, ""max_depth"": null, ""min_samples_leaf"": 1, ""max_features"": ""sqrt""}"
1,COMPLETE,0.718697732751895,2026-10-08 13:55:34.344421,58.102954,500,20.0,8,0.25,"{""n_estimators"": 500, ""max_depth"": 20, ""min_samples_leaf"": 8, ""max_features"": 0.25}"
2,COMPLETE,0.7132223497284331,2026-10-08 13:56:32.471577,8.921411,100,10.0,2,0.25,"{""n_estimators"": 100, ""max_depth"": 10, ""min_samples_leaf"": 2, ""max_features"": 0.25}"
3,COMPLETE,0.7241338556188277,2026-10-08 13:56:41.411635,28.641146,100,20.0,1,0.5,"{""n_estimators"": 100, ""max_depth"": 20, ""min_samples_leaf"": 1, ""max_features"": 0.5}"
4,COMPLETE,0.7181486553081196,2026-10-08 13:57:10.091764,62.640659,500,20.0,4,0.25,"{""n_estimators"": 500, ""max_depth"": 20, ""min_samples_leaf"": 4, ""max_features"": 0.25}"
5,COMPLETE,0.718697732751895,2026-10-08 13:58:12.755158,29.591452,200,20.0,1,0.25,"{""n_estimators"": 200, ""max_depth"": 20, ""min_samples_leaf"": 1, ""max_features"": 0.25}"
6,COMPLETE,0.7198602814013206,2026-10-08 13:58:42.371191,95.085485,500,10.0,1,0.5,"{""n_estimators"": 500, ""max_depth"": 10, ""min_samples_leaf"": 1, ""max_features"": 0.5}"
7,COMPLETE,0.7180263061568121,2026-10-08 14:00:17.485816,75.930102,500,20.0,1,0.25,"{""n_estimators"": 500, ""max_depth"": 20, ""min_samples_leaf"": 1, ""max_features"": 0.25}"
8,COMPLETE,0.7237854225701412,2026-10-08 14:01:33.434898,75.395353,200,40.0,1,0.5,"{""n_estimators"": 200, ""max_depth"": 40, ""min_samples_leaf"": 1, ""max_features"": 0.5}"
9,COMPLETE,0.6641456578473082,2026-10-08 14:02:48.850832,11.584463,500,10.0,1,sqrt,"{""n_estimators"": 500, ""max_depth"": 10, ""min_samples_leaf"": 1, ""max_features"": ""sqrt""}"
10,COMPLETE,0.6171117289244041,2026-10-08 14:03:00.464576,1.89058,100,,8,log2,"{""n_estimators"": 100, ""max_depth"": null, ""min_samples_leaf"": 8, ""max_features"": ""log2""}"
11,COMPLETE,0.727156602757381,2026-10-08 14:03:02.383812,55.176566,200,40.0,4,0.5,"{""n_estimators"": 200, ""max_depth"": 40, ""min_samples_leaf"": 4, ""max_features"": 0.5}"
12,COMPLETE,0.7230498013967666,2026-10-08 14:03:57.586105,27.955291,100,40.0,4,0.5,"{""n_estimators"": 100, ""max_depth"": 40, ""min_samples_leaf"": 4, ""max_features"": 0.5}"
13,COMPLETE,0.7230498013967666,2026-10-08 14:04:25.577994,29.694941,100,40.0,4,0.5,"{""n_estimators"": 100, ""max_depth"": 40, ""min_samples_leaf"": 4, ""max_features"": 0.5}"
14,COMPLETE,0.7255582646845311,2026-10-08 14:04:55.294130,69.439578,200,40.0,2,0.5,"{""n_estimators"": 200, ""max_depth"": 40, ""min_samples_leaf"": 2, ""max_features"": 0.5}"
15,COMPLETE,0.6379119880209039,2026-10-08 14:06:04.762617,3.905681,200,40.0,2,log2,"{""n_estimators"": 200, ""max_depth"": 40, ""min_samples_leaf"": 2, ""max_features"": ""log2""}"
16,COMPLETE,0.7255582646845311,2026-10-08 14:06:08.689782,65.693465,200,40.0,2,0.5,"{""n_estimators"": 200, ""max_depth"": 40, ""min_samples_leaf"": 2, ""max_features"": 0.5}"
17,COMPLETE,0.7255582646845311,2026-10-08 14:07:14.405131,66.357785,200,40.0,2,0.5,"{""n_estimators"": 200, ""max_depth"": 40, ""min_samples_leaf"": 2, ""max_features"": 0.5}"
18,COMPLETE,0.727156602757381,2026-10-08 14:08:20.785420,58.619128,200,40.0,4,0.5,"{""n_estimators"": 200, ""max_depth"": 40, ""min_samples_leaf"": 4, ""max_features"": 0.5}"
19,COMPLETE,0.6899204389029414,2026-10-08 14:09:19.637966,7.946983,200,40.0,4,sqrt,"{""n_estimators"": 200, ""max_depth"": 40, ""min_samples_leaf"": 4, ""max_features"": ""sqrt""}"
20,COMPLETE,0.6179666315324811,2026-10-08 14:09:27.607488,3.640611,200,,4,log2,"{""n_estimators"": 200, ""max_depth"": null, ""min_samples_leaf"": 4, ""max_features"": ""log2""}"
21,COMPLETE,0.727156602757381,2026-10-08 14:09:31.271952,57.978553,200,40.0,4,0.5,"{""n_estimators"": 200, ""max_depth"": 40, ""min_samples_leaf"": 4, ""max_features"": 0.5}"
22,COMPLETE,0.727156602757381,2026-10-08 14:10:29.269278,57.431441,200,40.0,4,0.5,"{""n_estimators"": 200, ""max_depth"": 40, ""min_samples_leaf"": 4, ""max_features"": 0.5}"
23,COMPLETE,0.727156602757381,2026-10-08 14:11:26.727046,60.36005,200,40.0,4,0.5,"{""n_estimators"": 200, ""max_depth"": 40, ""min_samples_leaf"": 4, ""max_features"": 0.5}"
24,COMPLETE,0.727156602757381,2026-10-08 14:12:27.109413,59.225479,200,40.0,4,0.5,"{""n_estimators"": 200, ""max_depth"": 40, ""min_samples_leaf"": 4, ""max_features"": 0.5}"
25,COMPLETE,0.727156602757381,2026-10-08 14:13:26.362977,55.335185,200,40.0,4,0.5,"{""n_estimators"": 200, ""max_depth"": 40, ""min_samples_leaf"": 4, ""max_features"": 0.5}"
26,COMPLETE,0.727156602757381,2026-10-08 14:14:21.723540,58.135501,200,40.0,4,0.5,"{""n_estimators"": 200, ""max_depth"": 40, ""min_samples_leaf"": 4, ""max_features"": 0.5}"
27,COMPLETE,0.7201381605500029,2026-10-08 14:15:19.888103,52.642656,200,40.0,8,0.5,"{""n_estimators"": 200, ""max_depth"": 40, ""min_samples_leaf"": 8, ""max_features"": 0.5}"
28,COMPLETE,0.6575199658338672,2026-10-08 14:16:12.552250,4.830437,200,10.0,4,sqrt,"{""n_estimators"": 200, ""max_depth"": 10, ""min_samples_leaf"": 4, ""max_features"": ""sqrt""}"
29,COMPLETE,0.6179666315324811,2026-10-08 14:16:17.404086,3.673208,200,,4,log2,"{""n_estimators"": 200, ""max_depth"": null, ""min_samples_leaf"": 4, ""max_features"": ""log2""}"
30,COMPLETE,0.6899204389029414,2026-10-08 14:16:21.099742,7.030734,200,,4,sqrt,"{""n_estimators"": 200, ""max_depth"": null, ""min_samples_leaf"": 4, ""max_features"": ""sqrt""}"
31,COMPLETE,0.727156602757381,2026-10-08 14:16:28.167122,56.266159,200,40.0,4,0.5,"{""n_estimators"": 200, ""max_depth"": 40, ""min_samples_leaf"": 4, ""max_features"": 0.5}"
32,COMPLETE,0.727156602757381,2026-10-08 14:17:24.454636,55.208267,200,40.0,4,0.5,"{""n_estimators"": 200, ""max_depth"": 40, ""min_samples_leaf"": 4, ""max_features"": 0.5}"
33,COMPLETE,0.7201381605500029,2026-10-08 14:18:19.684463,47.459065,200,40.0,8,0.5,"{""n_estimators"": 200, ""max_depth"": 40, ""min_samples_leaf"": 8, ""max_features"": 0.5}"
34,COMPLETE,0.727156602757381,2026-10-08 14:19:07.164941,57.085014,200,40.0,4,0.5,"{""n_estimators"": 200, ""max_depth"": 40, ""min_samples_leaf"": 4, ""max_features"": 0.5}"
35,COMPLETE,0.7256166957431514,2026-10-08 14:20:04.285536,141.913402,500,40.0,4,0.5,"{""n_estimators"": 500, ""max_depth"": 40, ""min_samples_leaf"": 4, ""max_features"": 0.5}"
36,COMPLETE,0.7151718566369121,2026-10-08 14:22:26.220166,13.539367,100,20.0,4,0.25,"{""n_estimators"": 100, ""max_depth"": 20, ""min_samples_leaf"": 4, ""max_features"": 0.25}"
37,COMPLETE,0.719218124642653,2026-10-08 14:22:39.783006,34.389864,200,10.0,4,0.5,"{""n_estimators"": 200, ""max_depth"": 10, ""min_samples_leaf"": 4, ""max_features"": 0.5}"
38,COMPLETE,0.7171093185345577,2026-10-08 14:23:14.189710,23.503078,200,40.0,8,0.25,"{""n_estimators"": 200, ""max_depth"": 40, ""min_samples_leaf"": 8, ""max_features"": 0.25}"
39,COMPLETE,0.7227615364258932,2026-10-08 14:23:37.728289,129.198938,500,20.0,4,0.5,"{""n_estimators"": 500, ""max_depth"": 20, ""min_samples_leaf"": 4, ""max_features"": 0.5}"
40,COMPLETE,0.727156602757381,2026-10-08 14:25:46.970881,55.46618,200,40.0,4,0.5,"{""n_estimators"": 200, ""max_depth"": 40, ""min_samples_leaf"": 4, ""max_features"": 0.5}"
41,COMPLETE,0.727156602757381,2026-10-08 14:26:42.472096,54.830148,200,40.0,4,0.5,"{""n_estimators"": 200, ""max_depth"": 40, ""min_samples_leaf"": 4, ""max_features"": 0.5}"
42,COMPLETE,0.727156602757381,2026-10-08 14:27:37.322852,53.677558,200,40.0,4,0.5,"{""n_estimators"": 200, ""max_depth"": 40, ""min_samples_leaf"": 4, ""max_features"": 0.5}"
43,COMPLETE,0.727156602757381,2026-10-08 14:28:31.022051,53.143573,200,40.0,4,0.5,"{""n_estimators"": 200, ""max_depth"": 40, ""min_samples_leaf"": 4, ""max_features"": 0.5}"
44,COMPLETE,0.7165891429796083,2026-10-08 14:29:24.186968,17.537767,100,10.0,1,0.5,"{""n_estimators"": 100, ""max_depth"": 10, ""min_samples_leaf"": 1, ""max_features"": 0.5}"
45,COMPLETE,0.7182704515653293,2026-10-08 14:29:41.759185,64.914068,500,40.0,4,0.25,"{""n_estimators"": 500, ""max_depth"": 40, ""min_samples_leaf"": 4, ""max_features"": 0.25}"
46,COMPLETE,0.7252713066425992,2026-10-08 14:30:46.694043,51.181402,200,20.0,4,0.5,"{""n_estimators"": 200, ""max_depth"": 20, ""min_samples_leaf"": 4, ""max_features"": 0.5}"
47,COMPLETE,0.6432860617176981,2026-10-08 14:31:37.911570,3.834921,200,40.0,1,log2,"{""n_estimators"": 200, ""max_depth"": 40, ""min_samples_leaf"": 1, ""max_features"": ""log2""}"
48,COMPLETE,0.7232745228409281,2026-10-08 14:31:41.782097,31.550484,100,40.0,2,0.5,"{""n_estimators"": 100, ""max_depth"": 40, ""min_samples_leaf"": 2, ""max_features"": 0.5}"
49,COMPLETE,0.6820820948125096,2026-10-08 14:32:13.353429,5.943745,200,,8,sqrt,"{""n_estimators"": 200, ""max_depth"": null, ""min_samples_leaf"": 8, ""max_features"": ""sqrt""}"
