modelo,HIDDEN_CHANNELS,CONV_LAYERS,POOLING,POST_LAYERS,DROPOUT,LEARNING_RATE,WEIGHT_DECAY,EDGE_WEIGHT,val_f1
GCN-MST,256,1,mean,2,0.482816,0.00413804,8.20052e-06,inverse,0.831735
GCN-RNG,64,2,mean+max,1,0.106368,0.000104677,6.02639e-06,inverse,0.833139
GCN-CLOSEST,64,2,mean+max,1,0.285959,0.000232795,1.97489e-06,inverse,0.830289
GCN-QB-CLOSEST,64,1,mean,1,0.107899,0.000973475,8.71715e-06,inverse,0.828776
GCN-GABRIEL,64,1,mean,1,0.132333,0.000505051,5.82904e-06,inverse,0.831765
GCN-DELAUNAY,64,1,mean,1,0.132333,0.000505051,5.82904e-06,inverse,0.827183
GraphSAGE-CLOSEST,64,3,mean+max,1,0.180318,0.000206968,0.000173697,inverse,0.85207
GraphSAGE-GABRIEL,128,2,max,1,0.325508,0.000112097,1.21993e-06,inverse,0.849278
GraphSAGE-MST,128,2,mean+max,0,0.061913,0.000247941,0.000138895,inverse,0.848357
GraphSAGE-RNG,128,2,max,0,0.150785,0.000759469,3.79329e-05,inverse,0.852719
GraphSAGE-QB-CLOSEST,128,2,max,1,0.360951,0.000810684,0.000968171,inverse,0.849856
GraphSAGE-DELAUNAY,64,3,mean+max,0,0.0710999,0.000879519,9.09189e-05,inverse,0.856166
DeepSets-tuned,256,3,mean+max,0,0.303772,0.000219305,1.56731e-06,none,0.851598
