semente,DeepSets-matched,DeepSets-matched (antigo),DeepSets-tuned,DeepSets-tuned (antigo),GCN-CLOSEST,GCN-CLOSEST (texto),GCN-DELAUNAY,GCN-DELAUNAY (texto),GCN-GABRIEL,GCN-GABRIEL (texto),GCN-MST,GCN-MST (texto),GCN-QB-CLOSEST,GCN-QB-CLOSEST (texto),GCN-RNG,GCN-RNG (texto),MLP-concat_raw-tuned,MLP-concat_team_role-tuned,MLP-concat_team_y-tuned,MLP-concat_xy-tuned,MLP-mean-default,MLP-mean-tuned,MLP-stats-tuned,MLP-stats_team-tuned,RF-concat_raw-tuned,RF-concat_team_role-tuned,RF-concat_team_y-tuned,RF-concat_xy-tuned,RF-mean-default,RF-mean-tuned,RF-stats-tuned,RF-stats_team-tuned,SAGE-CLOSEST,SAGE-DELAUNAY,SAGE-GABRIEL,SAGE-MST,SAGE-QB-CLOSEST,SAGE-RNG
1,0.837679,0.829890,0.849856,0.841696,0.822721,0.780420,0.821704,0.763227,0.830538,0.770860,0.814256,0.801030,0.819523,0.780338,0.824492,0.795057,0.699871,0.818393,0.787468,0.805776,0.674026,0.732241,0.764459,0.786501,0.717581,0.808680,0.769143,0.778974,0.742516,0.728517,0.747048,0.792515,0.846975,0.853812,0.845910,0.847130,0.841469,0.846130
2,0.824102,0.820563,0.836269,0.832540,0.812129,0.791817,0.821704,0.767917,0.824427,0.781585,0.813928,0.797993,0.820298,0.776182,0.812209,0.794995,0.678905,0.809943,0.795337,0.786343,0.671638,0.724431,0.736981,0.782890,0.720203,0.799517,0.750510,0.779450,0.718160,0.723847,0.745236,0.787562,0.831136,0.835387,0.820121,0.842110,0.830879,0.831975
3,0.823233,0.829504,0.849418,0.831601,0.807307,0.786524,0.820049,0.770284,0.817069,0.777673,0.818274,0.792319,0.809507,0.770358,0.811337,0.792370,0.689145,0.821418,0.785189,0.793064,0.672130,0.726853,0.741610,0.790551,0.724743,0.810815,0.751053,0.782215,0.721398,0.720359,0.734443,0.782693,0.844988,0.840809,0.843874,0.848152,0.842338,0.846150
4,0.836364,0.833162,0.843621,0.837909,0.825443,0.796680,0.823270,0.774300,0.822259,0.792191,0.819191,0.791765,0.828071,0.781931,0.835206,0.794248,0.705173,0.829064,0.800030,0.808923,0.680724,0.755739,0.758111,0.809994,0.739388,0.818635,0.770900,0.788721,0.740905,0.740702,0.747674,0.805767,0.848306,0.845247,0.839125,0.844040,0.841933,0.839325
5,0.824942,0.838242,0.858261,0.843727,0.813550,0.743939,0.821408,0.763913,0.820539,0.770201,0.824535,0.785961,0.817055,0.761673,0.825887,0.789413,0.700477,0.834198,0.807584,0.783481,0.677986,0.745519,0.759482,0.810769,0.727320,0.813977,0.766019,0.782915,0.732489,0.729249,0.739038,0.804580,0.851661,0.858723,0.850565,0.847478,0.850632,0.858123
6,0.818699,0.826298,0.834121,0.836842,0.810353,0.781384,0.812724,0.780526,0.810972,0.734907,0.809289,0.784975,0.818612,0.763824,0.815146,0.789950,0.700764,0.812430,0.784795,0.797358,0.677299,0.726467,0.752515,0.784232,0.726407,0.811023,0.750377,0.772261,0.727346,0.726562,0.739180,0.774555,0.839128,0.841161,0.831491,0.833255,0.843137,0.843014
7,0.820544,0.819994,0.832539,0.830142,0.810759,0.782338,0.807262,0.747543,0.807430,0.749970,0.812794,0.775071,0.808823,0.781347,0.813411,0.786026,0.702859,0.817840,0.776015,0.795370,0.674586,0.728703,0.734973,0.793543,0.726980,0.792268,0.755584,0.780091,0.725763,0.726918,0.738074,0.773472,0.837065,0.833201,0.841320,0.832686,0.833739,0.838679
8,0.822450,0.825402,0.834603,0.838062,0.823263,0.773187,0.810994,0.771997,0.810965,0.760248,0.830634,0.805471,0.817227,0.772249,0.821371,0.798687,0.688770,0.831299,0.801887,0.801648,0.695371,0.726562,0.734970,0.787706,0.731026,0.809558,0.761298,0.790061,0.741885,0.736567,0.739708,0.796484,0.834784,0.842357,0.840114,0.840694,0.843140,0.840670
9,0.806108,0.812291,0.833709,0.824441,0.806795,0.772559,0.807491,0.761038,0.806515,0.774321,0.814909,0.792875,0.806703,0.739150,0.808207,0.791631,0.684526,0.805482,0.786724,0.771618,0.672449,0.720315,0.733938,0.769802,0.708276,0.790640,0.733640,0.769379,0.714410,0.714469,0.724934,0.774480,0.825483,0.824819,0.819727,0.822757,0.825315,0.830406
10,0.812477,0.802661,0.835940,0.822578,0.805811,0.788445,0.797121,0.751879,0.804974,0.771758,0.808861,0.795976,0.808664,0.765868,0.813356,0.789616,0.693911,0.813463,0.767260,0.792860,0.673993,0.722328,0.754075,0.787185,0.714583,0.798325,0.740489,0.758809,0.717016,0.720392,0.734942,0.780148,0.833125,0.825050,0.824125,0.833079,0.830587,0.838146
11,0.830070,0.833976,0.861946,0.845911,0.818348,0.799544,0.817434,0.785046,0.824859,0.787968,0.818811,0.792373,0.822767,0.781766,0.827088,0.795720,0.709228,0.812018,0.799165,0.807261,0.687522,0.732999,0.747153,0.807634,0.751275,0.812215,0.778633,0.794217,0.745019,0.753011,0.760103,0.791617,0.852162,0.853161,0.844386,0.845616,0.846174,0.854240
12,0.835644,0.826900,0.851734,0.839063,0.818373,0.793510,0.830310,0.782185,0.833247,0.781347,0.833082,0.813828,0.826533,0.793526,0.828511,0.815766,0.707888,0.819580,0.794927,0.793755,0.690022,0.765493,0.772207,0.810342,0.750079,0.832686,0.777228,0.792128,0.743097,0.752502,0.755515,0.799337,0.843004,0.850440,0.844737,0.849840,0.845417,0.842636
13,0.820831,0.822185,0.834679,0.830825,0.808282,0.792712,0.812427,0.759996,0.819253,0.782401,0.814584,0.803024,0.814135,0.779982,0.811957,0.793290,0.689283,0.816911,0.788720,0.784054,0.671738,0.732059,0.756738,0.769126,0.737039,0.790967,0.763743,0.775139,0.736477,0.736259,0.749769,0.767101,0.838679,0.832290,0.840534,0.832217,0.832313,0.836113
14,0.817934,0.794078,0.831983,0.816314,0.817934,0.784852,0.812323,0.737079,0.810969,0.780336,0.813001,0.784064,0.812593,0.768571,0.821460,0.797636,0.686033,0.802748,0.792371,0.784566,0.672569,0.730838,0.735348,0.785289,0.714376,0.787008,0.747857,0.764952,0.720085,0.716201,0.728379,0.783889,0.838172,0.836490,0.842672,0.831132,0.833388,0.838550
15,0.819245,0.834320,0.842235,0.828294,0.809329,0.773995,0.813020,0.750577,0.806373,0.754686,0.809305,0.786320,0.816911,0.779366,0.818835,0.784143,0.693734,0.813567,0.778134,0.787476,0.677900,0.735217,0.748795,0.793984,0.726694,0.807891,0.763336,0.777780,0.723438,0.725540,0.739999,0.782282,0.835760,0.835819,0.838491,0.830357,0.821645,0.834171
16,0.825000,0.817653,0.842381,0.828152,0.811199,0.788361,0.810171,0.761975,0.817528,0.773635,0.808882,0.791132,0.813103,0.787695,0.814697,0.791212,0.690663,0.816965,0.774241,0.780744,0.672048,0.720416,0.756061,0.781926,0.723660,0.806598,0.755463,0.774610,0.732560,0.729881,0.746446,0.783364,0.840766,0.839090,0.838285,0.837272,0.840128,0.832506
17,0.816852,0.804099,0.839178,0.829328,0.813301,0.780280,0.808406,0.742290,0.814969,0.764743,0.810405,0.795995,0.812215,0.762309,0.806650,0.781096,0.691533,0.806322,0.788785,0.789135,0.664290,0.744429,0.756086,0.786693,0.723676,0.806490,0.757477,0.774610,0.739488,0.739367,0.751776,0.780889,0.830609,0.838846,0.822139,0.821382,0.833085,0.829404
18,0.823938,0.821011,0.844778,0.843472,0.817067,0.791380,0.808552,0.774864,0.815091,0.764852,0.818395,0.790956,0.816676,0.776035,0.821666,0.798430,0.692853,0.800387,0.791013,0.767823,0.665760,0.753564,0.748464,0.780076,0.730269,0.804048,0.764244,0.784056,0.727610,0.732380,0.739191,0.794650,0.832035,0.842499,0.839391,0.836225,0.844279,0.838550
19,0.820676,0.819725,0.833868,0.840654,0.823925,0.793735,0.821867,0.780490,0.826533,0.787124,0.822303,0.802223,0.832360,0.792091,0.821667,0.785947,0.703475,0.818537,0.786021,0.796743,0.684541,0.742433,0.745805,0.785774,0.734492,0.811326,0.757319,0.776802,0.734162,0.732089,0.736379,0.797748,0.842510,0.834237,0.832810,0.827319,0.842840,0.832968
20,0.804897,0.797615,0.835807,0.821501,0.799711,0.774596,0.803809,0.774922,0.801385,0.777748,0.803311,0.782769,0.801625,0.771429,0.807217,0.789346,0.684651,0.807955,0.779117,0.774859,0.658678,0.717931,0.753735,0.782580,0.709631,0.799184,0.741902,0.758044,0.713177,0.716740,0.732395,0.768082,0.817601,0.830214,0.820604,0.822348,0.833808,0.827998
21,0.820445,0.802315,0.833247,0.830343,0.812032,0.781794,0.809305,0.753552,0.815449,0.776839,0.816774,0.807675,0.817839,0.762424,0.819275,0.800628,0.703331,0.817854,0.787219,0.772649,0.675301,0.741711,0.753244,0.792309,0.712502,0.801544,0.738386,0.764868,0.725322,0.723562,0.742513,0.791758,0.835689,0.842552,0.835026,0.831637,0.846970,0.835224
22,0.818693,0.810460,0.844885,0.826879,0.818583,0.773751,0.817839,0.757048,0.818154,0.775083,0.817647,0.784140,0.827049,0.770201,0.817776,0.792979,0.697509,0.813739,0.790652,0.789312,0.672078,0.725038,0.751175,0.803473,0.735668,0.811055,0.760299,0.784318,0.731760,0.731857,0.743043,0.791208,0.841836,0.836640,0.841204,0.836070,0.840673,0.844152
23,0.827511,0.830450,0.845791,0.836648,0.818030,0.788372,0.816675,0.769961,0.821452,0.785982,0.820200,0.799544,0.815881,0.770075,0.819370,0.801958,0.680100,0.813911,0.781012,0.780251,0.681841,0.734065,0.758844,0.796857,0.729032,0.806174,0.766284,0.768333,0.737760,0.734452,0.744632,0.797533,0.844185,0.843116,0.830566,0.834569,0.842578,0.839482
24,0.811105,0.814087,0.842636,0.828187,0.803458,0.774799,0.805606,0.759272,0.808303,0.781931,0.811326,0.775589,0.806112,0.759170,0.806545,0.792860,0.701714,0.805127,0.782310,0.796648,0.673592,0.731293,0.740070,0.769608,0.712354,0.800357,0.747870,0.764883,0.719380,0.718435,0.733240,0.776901,0.827888,0.830943,0.830315,0.824801,0.834389,0.841246
25,0.810894,0.793549,0.836107,0.824103,0.808601,0.767849,0.806439,0.758572,0.810034,0.777672,0.808444,0.781919,0.809435,0.774739,0.812499,0.779907,0.683022,0.803502,0.783255,0.779765,0.656014,0.714919,0.733935,0.777611,0.727835,0.808157,0.760314,0.774250,0.723216,0.723847,0.732120,0.779330,0.833088,0.828338,0.831448,0.831709,0.833583,0.826394
26,0.803995,0.809100,0.828516,0.824009,0.798215,0.751815,0.791854,0.769289,0.801553,0.745264,0.805767,0.777195,0.799877,0.767088,0.799311,0.780862,0.665176,0.796372,0.774594,0.783110,0.663988,0.706681,0.738580,0.767984,0.699534,0.796335,0.740985,0.760635,0.709302,0.706434,0.716320,0.770415,0.822530,0.828426,0.822818,0.819136,0.826617,0.833343
27,0.816595,0.811541,0.838463,0.836316,0.818072,0.773955,0.810567,0.741478,0.815143,0.776116,0.815977,0.788643,0.816498,0.750855,0.814212,0.763665,0.704275,0.816023,0.796008,0.789494,0.668304,0.733025,0.747880,0.754724,0.719056,0.804723,0.755061,0.775466,0.714175,0.714614,0.722860,0.770698,0.833798,0.827632,0.834169,0.827926,0.836692,0.835068
28,0.822764,0.831825,0.836404,0.815918,0.817699,0.788726,0.823446,0.757861,0.825539,0.776093,0.826429,0.811185,0.820905,0.767724,0.817492,0.794768,0.692074,0.810232,0.792214,0.782995,0.671275,0.744877,0.743342,0.794923,0.727852,0.816183,0.768528,0.788282,0.727717,0.730280,0.741968,0.791937,0.835657,0.844725,0.843051,0.844180,0.836286,0.846663
29,0.824819,0.827223,0.837967,0.830200,0.811834,0.782647,0.806359,0.750685,0.816498,0.787547,0.819002,0.790308,0.820905,0.780022,0.818117,0.793495,0.679934,0.814621,0.786135,0.785568,0.663126,0.734972,0.749014,0.789017,0.722082,0.802852,0.752910,0.777744,0.730670,0.726008,0.733767,0.784036,0.843842,0.833798,0.836526,0.835264,0.846714,0.839520
